{"type":"FeatureCollection","name":"haringey CPZ areas (Felt 2024)","source":"https://felt.com/map/B3MJYQpnQXGbIL9C0TK4biD — London CPZ by borough, 2024 (Healthy Streets Scorecard). Borough-level coverage only — no per-zone identity.","generatedAt":"2026-05-11","features":[{"type":"Feature","geometry":{"type":"MultiPolygon","coordinates":[[[[-0.0985508,51.6024505],[-0.0987627,51.6026149],[-0.0988028,51.6026465],[-0.09892,51.6027388],[-0.0990272,51.6028175],[-0.0991733,51.6028981],[-0.0992342,51.6029256],[-0.0993026,51.6029492],[-0.0994997,51.6029667],[-0.0996537,51.6029778],[-0.0997962,51.6029715],[-0.0999,51.6029579],[-0.0999946,51.6029406],[-0.1001269,51.6029032],[-0.1002668,51.602856],[-0.1007004,51.6026894],[-0.1015977,51.6023474],[-0.101467,51.6022441],[-0.1015031,51.6022272],[-0.101565,51.602198],[-0.1016357,51.6021646],[-0.1017329,51.6021185],[-0.1018169,51.6020785],[-0.1018833,51.6020449],[-0.1019871,51.6019921],[-0.1020662,51.6019526],[-0.1021883,51.6018902],[-0.1022845,51.6018428],[-0.1024038,51.6017838],[-0.1027232,51.6016284],[-0.1037583,51.60244],[-0.1041569,51.6027258],[-0.1039668,51.6029153],[-0.1038968,51.6029844],[-0.1035536,51.6031761],[-0.103098,51.6033367],[-0.1032257,51.6034699],[-0.1008915,51.6042427],[-0.1001215,51.6044678],[-0.0991843,51.6047435],[-0.0985679,51.6048936],[-0.0980971,51.6049646],[-0.0975475,51.6050263],[-0.0970969,51.6050523],[-0.0966239,51.6050574],[-0.0961697,51.6050642],[-0.0956898,51.6051215],[-0.095098,51.6053535],[-0.0940534,51.6060015],[-0.0934023,51.6063601],[-0.0929671,51.6065427],[-0.0924833,51.6066981],[-0.0921311,51.6067651],[-0.0913372,51.6068269],[-0.0915602,51.6080398],[-0.0918759,51.6080112],[-0.0919083,51.6080473],[-0.0919215,51.6081102],[-0.0918165,51.6081279],[-0.0918193,51.6083174],[-0.0918425,51.6083495],[-0.0920297,51.6083849],[-0.0920813,51.6083958],[-0.0920908,51.6085716],[-0.0921014,51.6087228],[-0.0921161,51.6089461],[-0.092101,51.6089413],[-0.0921014,51.6089355],[-0.0920857,51.6089307],[-0.0918278,51.6088474],[-0.0917965,51.608837],[-0.0917693,51.6088645],[-0.0917505,51.6088838],[-0.0914832,51.608805],[-0.0914431,51.6087908],[-0.0909089,51.6087884],[-0.0909058,51.608792],[-0.0908821,51.6088815],[-0.0908755,51.6088958],[-0.090805,51.6088542],[-0.0902795,51.6088141],[-0.0898259,51.6087843],[-0.0896682,51.6087723],[-0.0890168,51.608723],[-0.0886295,51.6087118],[-0.0884941,51.6086862],[-0.0883967,51.6086666],[-0.0864625,51.6084687],[-0.0863595,51.6084649],[-0.0863692,51.6081356],[-0.0863701,51.6081099],[-0.0858686,51.6081018],[-0.0858858,51.608025],[-0.0863598,51.608026],[-0.0864549,51.6073108],[-0.0859183,51.6072944],[-0.0859559,51.6065223],[-0.0860095,51.6058602],[-0.0860799,51.6056193],[-0.0868736,51.6058095],[-0.086983,51.6056817],[-0.0861676,51.6054691],[-0.0862433,51.6053335],[-0.0863662,51.6050892],[-0.08656,51.6048278],[-0.0864672,51.6048013],[-0.0867366,51.6044863],[-0.0871491,51.6039969],[-0.0871868,51.6037262],[-0.0872058,51.6035598],[-0.0872332,51.6030301],[-0.0872819,51.6029898],[-0.0873198,51.6029768],[-0.0873756,51.6028076],[-0.0878793,51.6027789],[-0.0884688,51.602704],[-0.0890234,51.6025779],[-0.0891205,51.6025559],[-0.0891205,51.6025559],[-0.0891205,51.6025559],[-0.0894834,51.6024422],[-0.0900112,51.6022341],[-0.0903994,51.6020344],[-0.090588,51.6019129],[-0.0906955,51.6018437],[-0.0907025,51.6018384],[-0.0909542,51.6016483],[-0.0911434,51.6014698],[-0.0913135,51.6013092],[-0.0913736,51.6012365],[-0.0914068,51.6012401],[-0.0914068,51.6012401],[-0.0916316,51.6012645],[-0.0919385,51.6013506],[-0.092041,51.6013947],[-0.0918732,51.6015647],[-0.0920285,51.6016311],[-0.0921119,51.6016738],[-0.0921365,51.60169],[-0.0922978,51.601787],[-0.0924635,51.6019174],[-0.0924652,51.6019168],[-0.0924677,51.6019188],[-0.0928748,51.6017723],[-0.0930569,51.6018497],[-0.0930574,51.6018495],[-0.0930612,51.6018511],[-0.0931773,51.6018089],[-0.0932,51.6018749],[-0.0932738,51.6020852],[-0.0933052,51.6021779],[-0.0934182,51.6023074],[-0.0934508,51.6023458],[-0.0935224,51.6023896],[-0.0936657,51.6024774],[-0.0936687,51.602478],[-0.09367,51.6024788],[-0.0937511,51.6024958],[-0.0938715,51.6025267],[-0.0939525,51.6025339],[-0.0947395,51.6025429],[-0.094861,51.6025467],[-0.0951549,51.6025891],[-0.0955068,51.6027754],[-0.0956146,51.6028869],[-0.0956183,51.6028877],[-0.0956189,51.6028883],[-0.0958448,51.6029374],[-0.0959577,51.6029446],[-0.0959953,51.6027634],[-0.0960309,51.602764],[-0.0960297,51.6027738],[-0.096065,51.6027775],[-0.0960682,51.6027673],[-0.0961114,51.6027716],[-0.0961088,51.6027819],[-0.0961469,51.6027863],[-0.0961499,51.602774],[-0.0961871,51.6027746],[-0.0961915,51.6027603],[-0.096442,51.6027643],[-0.096451,51.6030086],[-0.0964594,51.6034813],[-0.0966226,51.6034767],[-0.0966248,51.6036697],[-0.0965006,51.6036753],[-0.0964856,51.6039754],[-0.0964934,51.6041696],[-0.0964753,51.6042405],[-0.0965162,51.6047821],[-0.0973376,51.6047954],[-0.0973005,51.6038482],[-0.0973596,51.6038475],[-0.0973475,51.6033772],[-0.0973388,51.6028764],[-0.0977765,51.6025459],[-0.0982474,51.6022136],[-0.0983866,51.602321],[-0.0985508,51.6024505]]]]},"properties":{"borough":"haringey","felt_id":524}},{"type":"Feature","geometry":{"type":"MultiPolygon","coordinates":[[[[-0.1506857,51.5916371],[-0.1502093,51.5916902],[-0.1500097,51.5912037],[-0.1499918,51.5911625],[-0.1499928,51.5911396],[-0.1502676,51.5910734],[-0.1505381,51.591027],[-0.1507104,51.5910111],[-0.1508833,51.5909992],[-0.1510415,51.5909917],[-0.1513799,51.590997],[-0.1517365,51.5910108],[-0.1525699,51.5910361],[-0.1525773,51.590955],[-0.1525726,51.5907513],[-0.152389,51.5907531],[-0.1524111,51.5902094],[-0.1521294,51.5877501],[-0.1523013,51.5877277],[-0.1523726,51.5879398],[-0.152444,51.587994],[-0.1554686,51.5880429],[-0.155466,51.5879934],[-0.1553888,51.5879928],[-0.155443,51.5878795],[-0.1556335,51.5874815],[-0.1557811,51.587173],[-0.1557933,51.5870722],[-0.1558135,51.5869005],[-0.1558228,51.5868148],[-0.1558417,51.5866509],[-0.1558513,51.5865562],[-0.1559025,51.5865561],[-0.155935,51.5865566],[-0.1559754,51.5865559],[-0.1561212,51.5865564],[-0.1562619,51.5865564],[-0.1562822,51.5865562],[-0.1564056,51.5865564],[-0.1564099,51.5865565],[-0.1564879,51.5865566],[-0.1565531,51.5865574],[-0.1567106,51.586557],[-0.156835,51.5865568],[-0.1568718,51.586557],[-0.1569692,51.5865576],[-0.157045,51.5865579],[-0.1571092,51.5865584],[-0.1571677,51.5865571],[-0.1572378,51.5865551],[-0.1573702,51.5865523],[-0.1574237,51.586559],[-0.15743,51.5865684],[-0.1576719,51.586583],[-0.158646,51.586628],[-0.1586475,51.5866595],[-0.1587055,51.5866621],[-0.1587099,51.586917],[-0.1587096,51.5869451],[-0.1587094,51.5869491],[-0.1587101,51.5869675],[-0.1587113,51.5870274],[-0.1587118,51.5870517],[-0.1587129,51.5871133],[-0.1587135,51.5871694],[-0.1587037,51.5874121],[-0.1586978,51.5875235],[-0.1586969,51.587546],[-0.1586203,51.5875466],[-0.1586231,51.5876037],[-0.1586134,51.5876279],[-0.1586264,51.5876534],[-0.1586328,51.5878085],[-0.1586358,51.5878718],[-0.1586361,51.5878895],[-0.1586338,51.5879452],[-0.1586251,51.587999],[-0.1586555,51.5879986],[-0.158763,51.587998],[-0.1588525,51.5879976],[-0.1589428,51.5879968],[-0.1590316,51.5879964],[-0.1591219,51.5879955],[-0.159215,51.5879948],[-0.1592525,51.5879949],[-0.1593045,51.5879944],[-0.1593536,51.5879933],[-0.1593977,51.5879931],[-0.1595023,51.587993],[-0.1595659,51.5879926],[-0.1596106,51.587992],[-0.1597023,51.5879912],[-0.1597912,51.5879903],[-0.1598807,51.5879895],[-0.1599731,51.5879887],[-0.1600193,51.587988],[-0.1600641,51.5879878],[-0.16015,51.5879874],[-0.1601601,51.5879875],[-0.1602447,51.5879846],[-0.1602457,51.5879968],[-0.1600962,51.5881039],[-0.1601036,51.5882065],[-0.1601035,51.5882101],[-0.1601024,51.588226],[-0.1600913,51.5882261],[-0.1600905,51.5882823],[-0.160089,51.5883353],[-0.1600883,51.5883888],[-0.160091,51.5884002],[-0.1600886,51.5884381],[-0.1600863,51.5884383],[-0.1600847,51.5884953],[-0.1600833,51.5885484],[-0.16008,51.5886306],[-0.1600806,51.5886321],[-0.1600804,51.5886387],[-0.1600757,51.5890037],[-0.1600942,51.5890015],[-0.1600939,51.5890184],[-0.1601467,51.5890156],[-0.1601468,51.5890304],[-0.1601453,51.5890686],[-0.1601397,51.5892061],[-0.1601471,51.5893105],[-0.160147,51.5893312],[-0.1601494,51.5893951],[-0.1601552,51.5894437],[-0.1601692,51.5896913],[-0.1597682,51.5897192],[-0.1598082,51.589955],[-0.1598204,51.5900352],[-0.1598294,51.5900978],[-0.1598341,51.5901079],[-0.1598347,51.5901114],[-0.1598468,51.5902042],[-0.1598018,51.5903878],[-0.1597471,51.5905273],[-0.1596013,51.5909917],[-0.1595471,51.5912564],[-0.1595105,51.591381],[-0.1594544,51.5915716],[-0.1594057,51.5915634],[-0.1593242,51.5915491],[-0.1593164,51.5915573],[-0.159275,51.5915998],[-0.1592645,51.59161],[-0.1592443,51.5916272],[-0.1592122,51.5916528],[-0.1591293,51.5917041],[-0.1591182,51.5917103],[-0.1590704,51.5917315],[-0.1587432,51.5918981],[-0.1587221,51.5919262],[-0.1587162,51.5919295],[-0.1587157,51.5919348],[-0.1587066,51.591947],[-0.1586937,51.5919792],[-0.1586893,51.5920538],[-0.1586929,51.5920718],[-0.1588134,51.5922688],[-0.158864,51.5923748],[-0.1596754,51.5922653],[-0.1597753,51.5925087],[-0.1598113,51.592655],[-0.1598515,51.5927671],[-0.1601697,51.5933944],[-0.1601998,51.5934722],[-0.1602297,51.5935895],[-0.1602298,51.5937298],[-0.1602658,51.5938401],[-0.1603962,51.5940795],[-0.1604378,51.5941433],[-0.159665,51.5942565],[-0.1597532,51.5944804],[-0.1598765,51.5947908],[-0.1596769,51.5948187],[-0.1594708,51.5942916],[-0.1591437,51.5943468],[-0.158994,51.5943723],[-0.1588394,51.5943896],[-0.1588752,51.5944756],[-0.1589692,51.5947001],[-0.1590471,51.5949014],[-0.1583303,51.594968],[-0.1582311,51.5949758],[-0.1579679,51.5950032],[-0.1572606,51.5950361],[-0.1564908,51.5950346],[-0.1558932,51.5950444],[-0.1553398,51.5950401],[-0.1551119,51.5945285],[-0.1549044,51.5940711],[-0.1547169,51.5937887],[-0.1545634,51.5935571],[-0.1541928,51.5930361],[-0.1534517,51.5920269],[-0.1533717,51.5919405],[-0.1525582,51.5919303],[-0.1523834,51.5919352],[-0.151965,51.5919647],[-0.151804,51.5919826],[-0.1511512,51.592103],[-0.1511153,51.5918276],[-0.1507217,51.5918723],[-0.1506857,51.5916371]],[[-0.1511183,51.5918273],[-0.1511153,51.5918274],[-0.1511153,51.5918276],[-0.1511183,51.5918273]]]]},"properties":{"borough":"haringey","felt_id":525}},{"type":"Feature","geometry":{"type":"MultiPolygon","coordinates":[[[[-0.1211819,51.5879087],[-0.1212808,51.5880321],[-0.1215937,51.5882479],[-0.1220474,51.5882391],[-0.1228784,51.5882523],[-0.1228201,51.5883876],[-0.1228201,51.5885023],[-0.1228295,51.5886207],[-0.1226939,51.5886249],[-0.1226818,51.5887489],[-0.1226426,51.5887494],[-0.122642,51.5887351],[-0.1222722,51.588739],[-0.1217957,51.5887439],[-0.1217951,51.5887566],[-0.121796,51.5888395],[-0.1216874,51.5888308],[-0.1212525,51.5887713],[-0.1209985,51.5886975],[-0.1209414,51.5886416],[-0.12074,51.5885095],[-0.1205367,51.5884051],[-0.1202222,51.5883056],[-0.1202472,51.5881901],[-0.1203005,51.5878252],[-0.1203099,51.5875973],[-0.1206524,51.587583],[-0.1209294,51.5875557],[-0.1210716,51.5875001],[-0.1211272,51.5874334],[-0.1211031,51.5873655],[-0.1210558,51.5872898],[-0.121224,51.5872513],[-0.1212478,51.5873086],[-0.1212914,51.5874419],[-0.1212222,51.5875447],[-0.1210919,51.5876651],[-0.121078,51.5876819],[-0.1212277,51.5878847],[-0.1211673,51.5878922],[-0.121167,51.5878993],[-0.1211819,51.5879087]]]]},"properties":{"borough":"haringey","felt_id":526}},{"type":"Feature","geometry":{"type":"MultiPolygon","coordinates":[[[[-0.116388,51.606047],[-0.1165392,51.6060584],[-0.1165338,51.6060844],[-0.1168914,51.606114],[-0.1168893,51.6061291],[-0.1170682,51.6061359],[-0.1170749,51.6060935],[-0.1174752,51.6061215],[-0.1174836,51.6059886],[-0.1175557,51.6059924],[-0.1184489,51.6060454],[-0.1186448,51.6060575],[-0.1186781,51.6059322],[-0.1188349,51.6059477],[-0.1188255,51.6059836],[-0.1188751,51.6059884],[-0.1188537,51.6060685],[-0.1190214,51.6060825],[-0.1190302,51.6060426],[-0.1191994,51.6060547],[-0.1191914,51.606091],[-0.1192383,51.6060936],[-0.1193526,51.6060869],[-0.1194063,51.6061067],[-0.1195099,51.6061421],[-0.1195086,51.6062049],[-0.1196957,51.6062126],[-0.1198778,51.6062806],[-0.1197339,51.606436],[-0.119687,51.6064344],[-0.1195937,51.6065431],[-0.1196106,51.6065726],[-0.1194842,51.6067113],[-0.1188928,51.6066946],[-0.1187616,51.6068355],[-0.1184399,51.6068209],[-0.1182727,51.6068137],[-0.1181927,51.6068088],[-0.1174803,51.6067682],[-0.1174787,51.6067888],[-0.1174009,51.6067835],[-0.1169561,51.6067485],[-0.1169613,51.6067147],[-0.1167746,51.6067122],[-0.1167709,51.6067291],[-0.1164109,51.6066994],[-0.116407,51.6067453],[-0.116239,51.6067345],[-0.1162388,51.6067345],[-0.116388,51.606047]]]]},"properties":{"borough":"haringey","felt_id":527}},{"type":"Feature","geometry":{"type":"MultiPolygon","coordinates":[[[[-0.0718257,51.6053048],[-0.0720752,51.6051426],[-0.0722898,51.605071],[-0.0723134,51.6051234],[-0.072655,51.6050687],[-0.0727745,51.6052022],[-0.0728177,51.6053063],[-0.0729701,51.6056649],[-0.0730564,51.6058592],[-0.0731304,51.6060057],[-0.0732637,51.6060969],[-0.0734508,51.6061629],[-0.0736087,51.6061871],[-0.0744919,51.6062186],[-0.0752017,51.6062514],[-0.0759824,51.6061819],[-0.0761296,51.6063021],[-0.0764026,51.6073605],[-0.0758796,51.6073834],[-0.07592,51.6076058],[-0.0762981,51.6076295],[-0.0762817,51.6082735],[-0.0755532,51.6082403],[-0.0755974,51.6084501],[-0.0753259,51.608472],[-0.0752794,51.6084756],[-0.0751482,51.6084859],[-0.075006,51.6084972],[-0.0749768,51.6084995],[-0.0747753,51.6085141],[-0.0746039,51.6085293],[-0.0745724,51.6085318],[-0.0745292,51.6085353],[-0.0744131,51.6085447],[-0.0742689,51.6085565],[-0.0741249,51.6085682],[-0.0740247,51.6085763],[-0.073863,51.6085895],[-0.0737626,51.6085976],[-0.0737168,51.6086006],[-0.0736867,51.6086037],[-0.0735358,51.6086066],[-0.0733734,51.6086233],[-0.0731682,51.6086413],[-0.0728728,51.6086609],[-0.0721769,51.608725],[-0.0721486,51.6087277],[-0.0720971,51.6087316],[-0.0720899,51.6087158],[-0.0720818,51.6086839],[-0.07208,51.608684],[-0.0720775,51.6086696],[-0.0713122,51.6087226],[-0.0713163,51.6087438],[-0.0712992,51.6087457],[-0.0709604,51.6087713],[-0.0709534,51.6087717],[-0.0708936,51.6087764],[-0.0708968,51.6087307],[-0.0708986,51.6087265],[-0.0708971,51.6087263],[-0.0708975,51.6087203],[-0.0708639,51.6087209],[-0.0708613,51.6087205],[-0.0707967,51.6087114],[-0.0707144,51.6087109],[-0.0703689,51.6086864],[-0.070718,51.6079917],[-0.0709908,51.6070856],[-0.0711991,51.6054305],[-0.0713301,51.6054327],[-0.0713828,51.6054312],[-0.0714124,51.6054644],[-0.0714052,51.6055664],[-0.0714234,51.6055806],[-0.0715073,51.6055757],[-0.0715751,51.6055727],[-0.0715804,51.605504],[-0.0717684,51.6054269],[-0.0717783,51.6054506],[-0.0718741,51.6054351],[-0.0717666,51.6053315],[-0.0718257,51.6053048]]]]},"properties":{"borough":"haringey","felt_id":528}},{"type":"Feature","geometry":{"type":"MultiPolygon","coordinates":[[[[-0.0718741,51.6054351],[-0.0717783,51.6054506],[-0.0717684,51.6054269],[-0.0715804,51.605504],[-0.0715751,51.6055727],[-0.0715073,51.6055757],[-0.0714234,51.6055806],[-0.0714052,51.6055664],[-0.0714124,51.6054644],[-0.0713849,51.6054336],[-0.0711969,51.6054305],[-0.0711978,51.6054404],[-0.0709908,51.6070856],[-0.070718,51.6079917],[-0.0703689,51.6086864],[-0.0703516,51.6086852],[-0.0699363,51.6086712],[-0.0698602,51.6086679],[-0.069684,51.6086602],[-0.0696836,51.6086626],[-0.0696752,51.6086624],[-0.0696718,51.6087427],[-0.0694074,51.6087294],[-0.0692654,51.6087222],[-0.0691688,51.6087174],[-0.0690888,51.6087132],[-0.0690435,51.6087109],[-0.0689429,51.6087062],[-0.0687667,51.608698],[-0.0687033,51.6086944],[-0.0685696,51.6086878],[-0.0684608,51.6086822],[-0.0683733,51.6086783],[-0.0683671,51.6086808],[-0.0683573,51.6086802],[-0.0680294,51.608805],[-0.0679867,51.6087661],[-0.067929,51.608724],[-0.0678767,51.6086903],[-0.0678342,51.6086688],[-0.0678197,51.6086552],[-0.0678064,51.6086546],[-0.0678014,51.6086521],[-0.0677132,51.6086463],[-0.0675941,51.608639],[-0.0675936,51.6086424],[-0.0675596,51.6086413],[-0.0675019,51.6086378],[-0.0674382,51.608689],[-0.0673752,51.608741],[-0.067323,51.6087835],[-0.0672241,51.6088653],[-0.0671365,51.6089377],[-0.067072,51.6089163],[-0.067069,51.6089189],[-0.0663041,51.6086671],[-0.0660121,51.6086534],[-0.0657358,51.6086335],[-0.0655142,51.6086242],[-0.0654631,51.6086222],[-0.0653627,51.6086022],[-0.0652526,51.6085846],[-0.0651955,51.6085872],[-0.0651347,51.6085893],[-0.0650453,51.608587],[-0.0629805,51.6086105],[-0.0627245,51.6086157],[-0.0626996,51.6086158],[-0.0626112,51.6086159],[-0.0624975,51.608618],[-0.0624319,51.6086197],[-0.0622757,51.6086256],[-0.0622452,51.6076998],[-0.0626076,51.6076943],[-0.0627078,51.6076945],[-0.062701,51.60718],[-0.062599,51.6071812],[-0.0625924,51.6067949],[-0.0627834,51.6062472],[-0.0622198,51.6061776],[-0.0623291,51.6058553],[-0.0628731,51.6059423],[-0.0629493,51.6051482],[-0.0642344,51.6052299],[-0.0642525,51.6049105],[-0.0641528,51.6032629],[-0.0614101,51.6032668],[-0.0614804,51.6027344],[-0.0615131,51.6024816],[-0.0615099,51.6023664],[-0.0618189,51.602355],[-0.0618038,51.6021174],[-0.0620744,51.6020939],[-0.0621398,51.6020917],[-0.0621347,51.6021195],[-0.0621621,51.6021163],[-0.0625527,51.6020949],[-0.0625669,51.6022892],[-0.0627379,51.6022832],[-0.0627198,51.602103],[-0.0632108,51.6020696],[-0.0632083,51.6020828],[-0.0634174,51.6020826],[-0.063421,51.6020453],[-0.0635642,51.6020453],[-0.0639189,51.6020391],[-0.0641747,51.6020336],[-0.0641925,51.6022474],[-0.0643622,51.6022453],[-0.0643468,51.602098],[-0.0646859,51.6020916],[-0.0647711,51.6020825],[-0.0647646,51.6018228],[-0.06473,51.6013303],[-0.0653541,51.6012547],[-0.0660695,51.6011725],[-0.0670715,51.6010393],[-0.0671178,51.6014447],[-0.0673113,51.6014614],[-0.0677542,51.6015227],[-0.0677207,51.6019609],[-0.06828,51.6019605],[-0.0682754,51.6020089],[-0.0694591,51.6020133],[-0.069323,51.6014906],[-0.0705138,51.6014026],[-0.0707882,51.6028671],[-0.071372,51.6028384],[-0.0714053,51.6029729],[-0.0719192,51.6029023],[-0.0728088,51.602843],[-0.0729451,51.6030807],[-0.0733767,51.6041617],[-0.0736703,51.6043105],[-0.0734149,51.6045216],[-0.07273,51.6047372],[-0.0726192,51.6050745],[-0.0723134,51.6051234],[-0.0722898,51.605071],[-0.0720752,51.6051426],[-0.0718257,51.6053048],[-0.0717666,51.6053315],[-0.0718741,51.6054351]]]]},"properties":{"borough":"haringey","felt_id":529}},{"type":"Feature","geometry":{"type":"MultiPolygon","coordinates":[[[[-0.0607367,51.5822273],[-0.0602812,51.5819828],[-0.0601663,51.5818249],[-0.0601372,51.5817291],[-0.0600612,51.5815457],[-0.0608377,51.5811926],[-0.0612113,51.5809244],[-0.061788,51.5805103],[-0.0621611,51.5801203],[-0.0621797,51.5801024],[-0.0621977,51.5800843],[-0.0622153,51.5800661],[-0.0622324,51.5800476],[-0.0622489,51.580029],[-0.0622649,51.5800102],[-0.0622804,51.5799912],[-0.0622954,51.579972],[-0.0623098,51.5799527],[-0.0623238,51.5799333],[-0.0623371,51.5799137],[-0.0623499,51.5798939],[-0.0623622,51.5798741],[-0.0623739,51.5798541],[-0.0623851,51.5798339],[-0.0623957,51.5798137],[-0.0624057,51.5797933],[-0.0624152,51.5797729],[-0.0624241,51.5797523],[-0.0624324,51.5797316],[-0.0624402,51.5797109],[-0.0624473,51.5796901],[-0.0624539,51.5796692],[-0.06246,51.5796482],[-0.0624654,51.5796272],[-0.0624702,51.5796061],[-0.0624745,51.579585],[-0.0624782,51.5795638],[-0.0624813,51.5795426],[-0.0624838,51.5795214],[-0.0624857,51.5795001],[-0.062487,51.5794788],[-0.0624878,51.5794575],[-0.0624879,51.5794363],[-0.0624875,51.579415],[-0.0624865,51.5793937],[-0.0624848,51.5793724],[-0.0624826,51.5793511],[-0.0624798,51.5793299],[-0.0624764,51.5793087],[-0.0624724,51.5792876],[-0.0624679,51.5792665],[-0.0624627,51.5792454],[-0.062457,51.5792244],[-0.0624507,51.5792035],[-0.0624438,51.5791826],[-0.0624363,51.5791619],[-0.0624283,51.5791412],[-0.0624197,51.5791206],[-0.0624105,51.5791],[-0.0624007,51.5790796],[-0.0623904,51.5790593],[-0.0623795,51.5790391],[-0.0623681,51.5790191],[-0.0623561,51.5789991],[-0.0623436,51.5789793],[-0.0623305,51.5789597],[-0.0623168,51.5789401],[-0.0623027,51.5789208],[-0.062288,51.5789015],[-0.0622727,51.5788825],[-0.0622569,51.5788636],[-0.0622407,51.5788449],[-0.0622239,51.5788263],[-0.0622065,51.5788079],[-0.0621887,51.5787898],[-0.0621704,51.5787718],[-0.0621516,51.578754],[-0.0621323,51.5787365],[-0.0621125,51.5787191],[-0.0620922,51.5787019],[-0.0620715,51.578685],[-0.0620503,51.5786683],[-0.0620286,51.5786519],[-0.0620065,51.5786356],[-0.0619839,51.5786196],[-0.0615258,51.5779298],[-0.061397,51.5777402],[-0.0615193,51.5777158],[-0.0619879,51.5776191],[-0.0622123,51.5775713],[-0.0627159,51.577467],[-0.0630257,51.5774015],[-0.0634322,51.5773175],[-0.0636064,51.5772812],[-0.0636829,51.5772626],[-0.0638336,51.5772315],[-0.0638338,51.5772314],[-0.0640772,51.5771825],[-0.0640783,51.5771823],[-0.0640788,51.5771822],[-0.0642332,51.5771512],[-0.0642986,51.5771289],[-0.0642989,51.5771289],[-0.0643817,51.5771007],[-0.0644303,51.5770841],[-0.0646283,51.5770251],[-0.0647999,51.5769954],[-0.0652566,51.576911],[-0.0654871,51.5768702],[-0.0657223,51.5768274],[-0.066218,51.5767371],[-0.0663903,51.5767062],[-0.0668255,51.5766289],[-0.0667668,51.5764276],[-0.0669701,51.5764002],[-0.0671131,51.5763814],[-0.0671526,51.5764893],[-0.0673322,51.5764652],[-0.0672895,51.5763547],[-0.0675156,51.5763267],[-0.0674938,51.5762562],[-0.0675588,51.576248],[-0.0677719,51.5762266],[-0.0678348,51.5762161],[-0.0679074,51.5762043],[-0.0679945,51.5761934],[-0.0683315,51.5761414],[-0.0687492,51.5760934],[-0.0689716,51.5760541],[-0.0691091,51.5760311],[-0.0691911,51.5760153],[-0.0693309,51.5759906],[-0.0694893,51.5759644],[-0.0697305,51.5759252],[-0.0699763,51.5758798],[-0.0704876,51.5758019],[-0.0708322,51.5757159],[-0.070911,51.5757051],[-0.071017,51.5756906],[-0.0711721,51.575673],[-0.0714605,51.5756453],[-0.0718551,51.5756111],[-0.0718578,51.5756176],[-0.0718931,51.5757045],[-0.0718992,51.5757036],[-0.0719015,51.575711],[-0.0719255,51.5757074],[-0.0722159,51.5756663],[-0.0723228,51.5756482],[-0.0723344,51.5757598],[-0.0723981,51.5759388],[-0.0724313,51.5760391],[-0.0724819,51.5761886],[-0.0725507,51.5763823],[-0.0727283,51.5768821],[-0.0727672,51.5769857],[-0.0728555,51.5772196],[-0.0729539,51.5775009],[-0.073053,51.5777867],[-0.0730601,51.577825],[-0.0730663,51.5778827],[-0.0730551,51.577976],[-0.0730408,51.5780769],[-0.0729315,51.5786632],[-0.0728468,51.579152],[-0.072729,51.5797485],[-0.0726159,51.5801106],[-0.0700761,51.5804909],[-0.0695373,51.5806168],[-0.0695023,51.5806304],[-0.0693462,51.5807029],[-0.0689716,51.5807857],[-0.0689754,51.5808104],[-0.068521,51.5809089],[-0.0685138,51.5809229],[-0.0682073,51.5809686],[-0.0681957,51.5809505],[-0.0676125,51.5810721],[-0.0675619,51.5810822],[-0.0675005,51.5810927],[-0.0674528,51.5811038],[-0.0654901,51.5814883],[-0.0640081,51.581855],[-0.0631753,51.5821015],[-0.0625544,51.5823684],[-0.062016,51.5824701],[-0.0612576,51.5824166],[-0.0609263,51.5823154],[-0.0607367,51.5822273]]]]},"properties":{"borough":"haringey","felt_id":530}},{"type":"Feature","geometry":{"type":"MultiPolygon","coordinates":[[[[-0.0935192,51.5859815],[-0.0934609,51.5859702],[-0.0927691,51.5860015],[-0.0925676,51.5860027],[-0.0922312,51.5860114],[-0.0920269,51.5860123],[-0.0918857,51.586016],[-0.0916868,51.5860157],[-0.0914164,51.5860429],[-0.0911225,51.5860725],[-0.0910055,51.5860843],[-0.0908511,51.5861],[-0.0907179,51.5861139],[-0.0905174,51.5861431],[-0.0903399,51.5861608],[-0.0901289,51.5861694],[-0.0899166,51.586199],[-0.0897419,51.5862164],[-0.0895706,51.5862383],[-0.0894891,51.5862865],[-0.0892316,51.5863181],[-0.0891482,51.5863498],[-0.0889163,51.5863691],[-0.0887205,51.5863888],[-0.0885226,51.5864162],[-0.0883197,51.5864073],[-0.0881297,51.5863874],[-0.0877759,51.5863078],[-0.0877566,51.5862946],[-0.0877716,51.5862652],[-0.0875714,51.5861329],[-0.0874067,51.5859398],[-0.0873381,51.5858814],[-0.087264,51.5858743],[-0.0872603,51.5854642],[-0.0874544,51.585463],[-0.0874483,51.5846086],[-0.0872262,51.5846049],[-0.0872177,51.5845273],[-0.0874578,51.584522],[-0.0874809,51.5840161],[-0.0875526,51.5837839],[-0.0872849,51.5837752],[-0.0873078,51.5836774],[-0.0875591,51.5836845],[-0.0876267,51.5834993],[-0.087769,51.5834941],[-0.0886301,51.5835322],[-0.0896567,51.5834679],[-0.0897669,51.5837088],[-0.0902135,51.5836429],[-0.0903454,51.5836592],[-0.0903888,51.5837991],[-0.0909269,51.5835339],[-0.091089,51.5833502],[-0.0911457,51.5832124],[-0.0915795,51.5816614],[-0.0914955,51.5816395],[-0.0912321,51.5816523],[-0.0912215,51.581514],[-0.0919059,51.5814819],[-0.0931239,51.5813619],[-0.093044,51.5809134],[-0.0934693,51.5808954],[-0.0935819,51.5812866],[-0.093885,51.5812218],[-0.0940068,51.5812098],[-0.0939346,51.5809523],[-0.0943761,51.580912],[-0.0952165,51.5809957],[-0.0952782,51.5813226],[-0.0954686,51.5813536],[-0.0954044,51.5810833],[-0.095537,51.5810829],[-0.095565,51.5811952],[-0.0960431,51.5812568],[-0.0965389,51.5812562],[-0.096964,51.5813157],[-0.0970179,51.5816026],[-0.0974679,51.5816852],[-0.0977911,51.5816566],[-0.0978162,51.5818543],[-0.0981629,51.5818287],[-0.0983666,51.5819971],[-0.0988207,51.5820426],[-0.0990405,51.5820146],[-0.0991051,51.5823195],[-0.0992999,51.58243],[-0.0991286,51.5827783],[-0.0994417,51.5828604],[-0.099404,51.5829986],[-0.099346,51.5831854],[-0.0992491,51.5833269],[-0.0990728,51.5835938],[-0.0990202,51.583679],[-0.098734,51.5836915],[-0.0987427,51.5837348],[-0.0985855,51.5836916],[-0.0984143,51.5840302],[-0.0978666,51.583961],[-0.097796,51.5842754],[-0.0974965,51.5843872],[-0.0976976,51.5848079],[-0.0976933,51.5848298],[-0.0972758,51.5849963],[-0.0973042,51.5850409],[-0.0968728,51.5851203],[-0.0968665,51.5851204],[-0.096739,51.585269],[-0.0966275,51.5852806],[-0.0965871,51.585351],[-0.0964686,51.5854938],[-0.0963633,51.5856999],[-0.0962543,51.5858366],[-0.0959028,51.5862071],[-0.0955719,51.5861726],[-0.0952623,51.5861217],[-0.094947,51.586047],[-0.0941822,51.5859388],[-0.0937821,51.5859624],[-0.093687,51.585985],[-0.0935192,51.5859815]]]]},"properties":{"borough":"haringey","felt_id":531}},{"type":"Feature","geometry":{"type":"MultiPolygon","coordinates":[[[[-0.0951846,51.5761222],[-0.0955885,51.5760234],[-0.0956408,51.5760954],[-0.0964988,51.5758868],[-0.0964928,51.5758719],[-0.096578,51.5758048],[-0.0966317,51.5758319],[-0.0967113,51.5757314],[-0.0966744,51.5755434],[-0.0966221,51.5753097],[-0.0967993,51.5752811],[-0.096874,51.575446],[-0.0971504,51.575463],[-0.0977857,51.5752853],[-0.0982779,51.5750758],[-0.0982806,51.5750748],[-0.0981639,51.5747773],[-0.0975762,51.5737036],[-0.09779,51.5736435],[-0.09836,51.5746232],[-0.0985151,51.5749429],[-0.0986207,51.5753556],[-0.0986533,51.5755466],[-0.0989201,51.5755066],[-0.0990317,51.5761151],[-0.0991504,51.576334],[-0.0987162,51.5764384],[-0.098741,51.5765359],[-0.0990635,51.5764601],[-0.0992164,51.576739],[-0.0988136,51.576844],[-0.098842,51.5769949],[-0.1047504,51.5754127],[-0.1047934,51.5754385],[-0.1047887,51.5755717],[-0.1047827,51.5756324],[-0.1046673,51.5766796],[-0.1047104,51.5770189],[-0.1047594,51.5772157],[-0.1048166,51.5772166],[-0.1048418,51.5776447],[-0.1047631,51.5776888],[-0.1047807,51.5780803],[-0.1048543,51.5783755],[-0.1049587,51.5786177],[-0.1050898,51.578905],[-0.1052797,51.5791575],[-0.1054703,51.5793922],[-0.1056752,51.5796272],[-0.1058397,51.5797992],[-0.1058811,51.5798355],[-0.1062534,51.5805186],[-0.1064927,51.5809591],[-0.1067844,51.5815162],[-0.1068247,51.5815792],[-0.1068349,51.5816774],[-0.1068703,51.5822036],[-0.1069009,51.5828456],[-0.1069163,51.5829751],[-0.1069253,51.5831178],[-0.1067012,51.5832418],[-0.1067675,51.5833512],[-0.1061567,51.5834448],[-0.105986,51.5834699],[-0.1055533,51.5835326],[-0.1054809,51.5833233],[-0.1047833,51.583389],[-0.102765,51.583579],[-0.1009942,51.58375],[-0.1001525,51.5838209],[-0.099535,51.5838416],[-0.0994846,51.583572],[-0.0990718,51.5835955],[-0.0993443,51.5831956],[-0.0994417,51.5828604],[-0.0991286,51.5827783],[-0.0992999,51.58243],[-0.0991016,51.582303],[-0.0990405,51.5820146],[-0.0988438,51.5820365],[-0.0983666,51.5819971],[-0.0981789,51.5818342],[-0.0978162,51.5818543],[-0.0977911,51.5816566],[-0.0974679,51.5816852],[-0.0970179,51.5816026],[-0.096964,51.5813157],[-0.0965389,51.5812562],[-0.0960431,51.5812568],[-0.0955746,51.5811964],[-0.095537,51.5810829],[-0.095415,51.5810875],[-0.0954627,51.5813454],[-0.0952782,51.5813226],[-0.0952139,51.5809955],[-0.0943761,51.580912],[-0.0939392,51.5809519],[-0.0940015,51.5812103],[-0.093873,51.5812244],[-0.0935819,51.5812866],[-0.0934643,51.5808985],[-0.0930395,51.5809145],[-0.0930395,51.5809143],[-0.0926275,51.5785201],[-0.0929626,51.5784714],[-0.0935482,51.5783687],[-0.0945215,51.5781754],[-0.0952258,51.5780125],[-0.0952421,51.5779576],[-0.0947222,51.5771363],[-0.0945867,51.5770459],[-0.0941498,51.5764253],[-0.0950337,51.5761664],[-0.0951846,51.5761222]]]]},"properties":{"borough":"haringey","felt_id":532}},{"type":"Feature","geometry":{"type":"MultiPolygon","coordinates":[[[[-0.0941498,51.5764253],[-0.0945867,51.5770459],[-0.0947222,51.5771363],[-0.0952421,51.5779576],[-0.0952258,51.5780125],[-0.0945215,51.5781754],[-0.0935482,51.5783687],[-0.0929626,51.5784714],[-0.0926206,51.5785211],[-0.0916291,51.5786579],[-0.0904664,51.578789],[-0.0879679,51.5789755],[-0.0830931,51.5793375],[-0.080899,51.5794961],[-0.0808574,51.5794538],[-0.0811876,51.5792262],[-0.0814732,51.5790426],[-0.0816661,51.5788987],[-0.0821596,51.5785009],[-0.082298,51.5783782],[-0.0824779,51.5782101],[-0.0826023,51.5780931],[-0.0826895,51.5780106],[-0.0827043,51.5779861],[-0.0827569,51.5779365],[-0.0828584,51.5778691],[-0.0837952,51.5769802],[-0.0844254,51.576382],[-0.084984,51.5758021],[-0.0852461,51.5755715],[-0.0854305,51.5753898],[-0.0856582,51.5751632],[-0.0858027,51.5750221],[-0.0858638,51.5749379],[-0.0867219,51.5748052],[-0.0867063,51.5747499],[-0.0872316,51.5747011],[-0.0872271,51.5746848],[-0.0872314,51.5746844],[-0.0872098,51.5746232],[-0.0871801,51.5745177],[-0.0871739,51.5744942],[-0.0871101,51.574498],[-0.0869739,51.574459],[-0.0869224,51.5744252],[-0.086874,51.5743799],[-0.0868684,51.5743446],[-0.087048,51.5743979],[-0.0872335,51.5744098],[-0.0874612,51.5744402],[-0.0876576,51.5744544],[-0.0879041,51.5744564],[-0.0882828,51.5744125],[-0.0884416,51.5743948],[-0.0885509,51.5743867],[-0.0887919,51.5743906],[-0.0891145,51.5744162],[-0.0893215,51.5744349],[-0.0894352,51.5744546],[-0.0898069,51.5744606],[-0.0902393,51.5743875],[-0.0906592,51.5742696],[-0.0911176,51.5741097],[-0.0912687,51.5740656],[-0.0914132,51.5740323],[-0.0915716,51.5740082],[-0.0918575,51.5740128],[-0.0921702,51.574009],[-0.0926,51.5740516],[-0.0930857,51.5740685],[-0.0936035,51.5740056],[-0.0939162,51.5739272],[-0.0947558,51.5736236],[-0.0953922,51.5736604],[-0.0957764,51.5737112],[-0.0965147,51.5738479],[-0.0966856,51.5738685],[-0.0967714,51.5738699],[-0.096973,51.5738375],[-0.0972033,51.5738056],[-0.0975762,51.5737036],[-0.0981639,51.5747773],[-0.0982779,51.5750758],[-0.0979354,51.5752222],[-0.0978891,51.5752421],[-0.0977885,51.5752841],[-0.0971504,51.575463],[-0.096874,51.575446],[-0.0967993,51.5752811],[-0.0966221,51.5753097],[-0.0966744,51.5755434],[-0.0967113,51.5757314],[-0.0966317,51.5758319],[-0.096578,51.5758048],[-0.0964928,51.5758719],[-0.0964988,51.5758868],[-0.0956408,51.5760954],[-0.0955885,51.5760234],[-0.0951846,51.5761222],[-0.0950337,51.5761664],[-0.0941498,51.5764253]]]]},"properties":{"borough":"haringey","felt_id":533}},{"type":"Feature","geometry":{"type":"MultiPolygon","coordinates":[[[[-0.0959535,51.6029432],[-0.0958406,51.602936],[-0.0956146,51.6028869],[-0.0955068,51.6027754],[-0.0951528,51.602588],[-0.0948567,51.6025453],[-0.0947352,51.6025414],[-0.0939482,51.6025325],[-0.0938672,51.6025253],[-0.0937469,51.6024944],[-0.0936657,51.6024774],[-0.0935224,51.6023896],[-0.0934508,51.6023458],[-0.0934182,51.6023074],[-0.0933052,51.6021779],[-0.0932738,51.6020852],[-0.0932,51.6018749],[-0.0931764,51.6018062],[-0.0930569,51.6018497],[-0.0928711,51.6017707],[-0.0924635,51.6019174],[-0.0922978,51.601787],[-0.0921365,51.60169],[-0.0921119,51.6016738],[-0.0920285,51.6016311],[-0.0918732,51.6015647],[-0.092041,51.6013947],[-0.0919371,51.60135],[-0.0916019,51.6012559],[-0.0917995,51.6009468],[-0.0919395,51.6006666],[-0.0920012,51.6003999],[-0.0920703,51.6000666],[-0.0921088,51.5998542],[-0.0921582,51.5996653],[-0.092211,51.5994222],[-0.0922407,51.5990334],[-0.0923754,51.5981432],[-0.0927518,51.5981862],[-0.0930723,51.5982246],[-0.0934383,51.5982612],[-0.0938611,51.598293],[-0.0940345,51.5982969],[-0.09434,51.5982767],[-0.0945052,51.5982632],[-0.0948005,51.5982451],[-0.0954826,51.598266],[-0.095509,51.5982219],[-0.0956781,51.5982505],[-0.0958923,51.5983154],[-0.0963591,51.5984758],[-0.096416,51.5984952],[-0.0968129,51.5986327],[-0.0970294,51.5987072],[-0.0971548,51.5987533],[-0.0972985,51.5988059],[-0.0973335,51.5988225],[-0.0974233,51.5988504],[-0.0974827,51.5988749],[-0.0977439,51.5989691],[-0.0978414,51.5990043],[-0.0979121,51.5990299],[-0.0979629,51.5990483],[-0.0980279,51.5990719],[-0.0980931,51.5990923],[-0.0981482,51.5991154],[-0.0982185,51.5991406],[-0.0982002,51.5991608],[-0.0983752,51.5992242],[-0.0985465,51.5992869],[-0.0989597,51.5994384],[-0.0992361,51.5995449],[-0.0993109,51.5995768],[-0.0993124,51.5996113],[-0.0991782,51.5996505],[-0.099195,51.5997681],[-0.0992052,51.5998095],[-0.0992095,51.5999226],[-0.0991577,51.6001421],[-0.0990573,51.600359],[-0.0989739,51.6005334],[-0.0989113,51.6005976],[-0.0987979,51.6006843],[-0.0987483,51.6007307],[-0.0986287,51.6008595],[-0.098358,51.6010526],[-0.0981718,51.6011877],[-0.0980557,51.6012772],[-0.0980652,51.6012825],[-0.0979273,51.6013905],[-0.0979025,51.6014648],[-0.0976668,51.6014371],[-0.0975991,51.6016586],[-0.0975469,51.6018371],[-0.0971174,51.6021463],[-0.0965187,51.6025466],[-0.0964899,51.6026045],[-0.0960338,51.6025592],[-0.095991,51.602762],[-0.0959535,51.6029432]]]]},"properties":{"borough":"haringey","felt_id":534}},{"type":"Feature","geometry":{"type":"MultiPolygon","coordinates":[[[[-0.0668863,51.5981407],[-0.0664296,51.5981332],[-0.0662068,51.5981906],[-0.0660135,51.5981924],[-0.0660467,51.598366],[-0.0651009,51.5984246],[-0.0651597,51.5987045],[-0.0645986,51.5987175],[-0.0644734,51.5981988],[-0.0635511,51.5982783],[-0.063551,51.5982746],[-0.06329,51.5982974],[-0.0633039,51.5983697],[-0.0633172,51.5984562],[-0.0629925,51.5984822],[-0.0628885,51.5984911],[-0.0628652,51.5984929],[-0.0628281,51.5983197],[-0.0627083,51.5983233],[-0.0626915,51.5981868],[-0.0626896,51.598167],[-0.0626567,51.5978831],[-0.0625711,51.5973965],[-0.0626171,51.5973685],[-0.0626905,51.5973233],[-0.0627364,51.5972958],[-0.0627769,51.5969713],[-0.0624258,51.5969651],[-0.0611242,51.5969033],[-0.0605395,51.5968578],[-0.0603502,51.5968494],[-0.059529,51.5967796],[-0.0592833,51.5967578],[-0.0589037,51.596736],[-0.0588359,51.596732],[-0.0582062,51.5966494],[-0.0577788,51.5965634],[-0.0578259,51.5964664],[-0.0577791,51.5964632],[-0.0576204,51.5964531],[-0.0576832,51.5963023],[-0.0578443,51.5959248],[-0.0586762,51.5959813],[-0.0587689,51.5955226],[-0.0580797,51.5953994],[-0.0581839,51.595179],[-0.0574405,51.5950401],[-0.0577511,51.5942203],[-0.0607986,51.5943943],[-0.060926,51.594391],[-0.0611689,51.594502],[-0.0610854,51.5947932],[-0.0610883,51.5947934],[-0.0626144,51.5948963],[-0.0626291,51.5947968],[-0.0627369,51.5948044],[-0.0627475,51.5947286],[-0.062948,51.5947394],[-0.0629176,51.5949175],[-0.0658025,51.5949559],[-0.0658236,51.5948132],[-0.0659348,51.5948088],[-0.0663599,51.5948257],[-0.0672962,51.594838],[-0.0672933,51.5950995],[-0.0676201,51.5951059],[-0.0676287,51.5950638],[-0.0679984,51.5950756],[-0.0680071,51.5950374],[-0.0681541,51.595036],[-0.0681609,51.5948536],[-0.0683596,51.5948607],[-0.0685673,51.5948636],[-0.0691473,51.5948691],[-0.0685781,51.5960829],[-0.0680854,51.5974862],[-0.0680285,51.5984199],[-0.0673799,51.5984574],[-0.0673505,51.5982632],[-0.0668834,51.5982902],[-0.0668841,51.5982902],[-0.0668863,51.5981407]]]]},"properties":{"borough":"haringey","felt_id":535}},{"type":"Feature","geometry":{"type":"MultiPolygon","coordinates":[[[[-0.0729451,51.6030807],[-0.0728088,51.602843],[-0.0719192,51.6029023],[-0.0714053,51.6029729],[-0.071372,51.6028384],[-0.0707882,51.6028671],[-0.0705138,51.6014026],[-0.0701256,51.6014313],[-0.0701124,51.6013497],[-0.0702747,51.6013383],[-0.070498,51.6013138],[-0.07256,51.6011602],[-0.0726245,51.6011554],[-0.0726928,51.601147],[-0.0722498,51.5998763],[-0.072069,51.5989125],[-0.072043,51.5987098],[-0.0734592,51.5986721],[-0.0744374,51.5986146],[-0.0748074,51.5985729],[-0.0754871,51.5984916],[-0.0762648,51.598394],[-0.07625,51.5983438],[-0.0766323,51.5982873],[-0.0768548,51.5982649],[-0.076885,51.598287],[-0.0770851,51.5984872],[-0.0774613,51.5994443],[-0.0776277,51.5995382],[-0.0782836,51.5995417],[-0.0785665,51.599544],[-0.0789052,51.5995484],[-0.0790016,51.5995554],[-0.0791495,51.5995749],[-0.0792905,51.5996009],[-0.0792075,51.5997262],[-0.0794348,51.5997793],[-0.0799125,51.5998868],[-0.0801593,51.5999579],[-0.0801734,51.5997944],[-0.0802005,51.5997863],[-0.0804158,51.5998496],[-0.0807636,51.5999587],[-0.0809849,51.6000334],[-0.0810419,51.6000703],[-0.0812009,51.6001106],[-0.0813731,51.600176],[-0.0816271,51.6002792],[-0.0819036,51.6003967],[-0.0822874,51.6005562],[-0.0821264,51.6006956],[-0.0823319,51.600803],[-0.0824803,51.6006875],[-0.0825079,51.6006664],[-0.0826156,51.6007223],[-0.0828316,51.6008526],[-0.0830644,51.6009875],[-0.083245,51.601091],[-0.0834838,51.6012486],[-0.0836449,51.6013839],[-0.0834687,51.6014806],[-0.0835887,51.6015691],[-0.0837911,51.6014617],[-0.084143,51.6017463],[-0.0842701,51.601848],[-0.0844316,51.6019579],[-0.0845603,51.6020391],[-0.0846631,51.6021006],[-0.084792,51.6021697],[-0.0849605,51.6022462],[-0.0850743,51.6022966],[-0.085199,51.6023497],[-0.0854641,51.602436],[-0.0856924,51.6025066],[-0.0860175,51.6025797],[-0.0862786,51.6026247],[-0.0865666,51.6027816],[-0.0870049,51.6028166],[-0.0870044,51.6029784],[-0.0869858,51.6033059],[-0.086982,51.6034568],[-0.0869655,51.6037174],[-0.0869545,51.603875],[-0.0868912,51.6040784],[-0.0866262,51.604349],[-0.0862846,51.604735],[-0.0860977,51.604976],[-0.0859603,51.605238],[-0.0858989,51.6054044],[-0.0858479,51.6055497],[-0.0857183,51.6069789],[-0.0855995,51.6084686],[-0.0852009,51.6084685],[-0.0851786,51.608468],[-0.0850752,51.6084663],[-0.0850343,51.6084657],[-0.0849807,51.6084684],[-0.0848421,51.6084684],[-0.0847543,51.608473],[-0.0847543,51.6084615],[-0.0846275,51.6084712],[-0.084517,51.6084812],[-0.0844717,51.608485],[-0.0844515,51.6084862],[-0.0843791,51.6084878],[-0.0837073,51.6084965],[-0.0836205,51.6084961],[-0.0834963,51.6084962],[-0.0834115,51.6084956],[-0.0832589,51.6084916],[-0.0831616,51.6084891],[-0.0830116,51.6084858],[-0.0828915,51.6084832],[-0.0826925,51.6084768],[-0.0824858,51.608472],[-0.0824058,51.6084701],[-0.0822331,51.6084659],[-0.0821062,51.6084633],[-0.0821051,51.6084645],[-0.0820556,51.6084648],[-0.0819437,51.6084642],[-0.0819431,51.6084664],[-0.0816264,51.608464],[-0.0815574,51.6084628],[-0.0815256,51.608463],[-0.081509,51.6084631],[-0.0814111,51.6084623],[-0.0814022,51.6084621],[-0.0813991,51.6084622],[-0.081369,51.608462],[-0.0812741,51.6084676],[-0.0812734,51.6084676],[-0.0812734,51.6084677],[-0.0810683,51.6084798],[-0.0810475,51.6084808],[-0.0809981,51.6084834],[-0.0809578,51.6084854],[-0.0808945,51.6084892],[-0.0808766,51.6084901],[-0.0807832,51.6084934],[-0.0807637,51.608494],[-0.0807464,51.6084944],[-0.0807142,51.6084949],[-0.080576,51.6084963],[-0.0805552,51.6084964],[-0.0804358,51.6084973],[-0.0804068,51.6084975],[-0.0803013,51.6084979],[-0.0802638,51.608498],[-0.0801242,51.6084982],[-0.0800915,51.6084982],[-0.0800334,51.6084986],[-0.0800036,51.6084988],[-0.0799661,51.608499],[-0.0799326,51.6084992],[-0.0798947,51.6085],[-0.0798504,51.6085009],[-0.0798156,51.6085016],[-0.0797773,51.6085024],[-0.0797403,51.6085031],[-0.0797012,51.6085039],[-0.079666,51.6085047],[-0.0796596,51.6085047],[-0.0795116,51.608505],[-0.0794703,51.608505],[-0.0794413,51.6085051],[-0.0794393,51.6085051],[-0.0793265,51.6085032],[-0.0791808,51.6085009],[-0.0791705,51.608501],[-0.0791223,51.6084995],[-0.0790856,51.6084988],[-0.0790527,51.6084982],[-0.0790241,51.6084977],[-0.0789531,51.6084964],[-0.0789109,51.6084956],[-0.0788723,51.6084949],[-0.0788373,51.6084942],[-0.0787985,51.6084935],[-0.0787557,51.6084928],[-0.0787162,51.608492],[-0.0786773,51.6084913],[-0.0786485,51.6084908],[-0.0786415,51.6084906],[-0.0784798,51.6084864],[-0.0784019,51.6084844],[-0.0781435,51.608474],[-0.0781276,51.6084732],[-0.077893,51.6084572],[-0.0777853,51.6084499],[-0.0776118,51.6084408],[-0.0774399,51.6084346],[-0.0773404,51.608431],[-0.077263,51.6084281],[-0.0770862,51.60842],[-0.0769483,51.6084117],[-0.076769,51.6084072],[-0.0765223,51.6084115],[-0.0763561,51.6084159],[-0.0762926,51.6084179],[-0.076167,51.6084219],[-0.0760663,51.6084237],[-0.0759587,51.6084252],[-0.0758867,51.6084262],[-0.0757986,51.6084302],[-0.0757081,51.6084413],[-0.0756408,51.6084476],[-0.0755976,51.6084508],[-0.0755532,51.6082403],[-0.0762817,51.6082735],[-0.0762981,51.6076295],[-0.07592,51.6076058],[-0.0758796,51.6073834],[-0.0764026,51.6073605],[-0.0761296,51.6063021],[-0.0759824,51.6061819],[-0.0752017,51.6062514],[-0.0744919,51.6062186],[-0.0736087,51.6061871],[-0.0734508,51.6061629],[-0.0732637,51.6060969],[-0.0731304,51.6060057],[-0.0730564,51.6058592],[-0.0729701,51.6056649],[-0.0728177,51.6053063],[-0.0727745,51.6052022],[-0.0726425,51.6050548],[-0.07273,51.6047372],[-0.0734149,51.6045216],[-0.0736703,51.6043105],[-0.0733767,51.6041617],[-0.0729451,51.6030807]]]]},"properties":{"borough":"haringey","felt_id":536}},{"type":"Feature","geometry":{"type":"MultiPolygon","coordinates":[[[[-0.0684834,51.5999929],[-0.0683068,51.5999945],[-0.0682982,51.5999273],[-0.0684791,51.5999251],[-0.0684841,51.5997047],[-0.0684811,51.5995956],[-0.0685091,51.5993522],[-0.0685589,51.5987921],[-0.0686847,51.5988052],[-0.0686627,51.5986585],[-0.0686614,51.5986261],[-0.0694536,51.598641],[-0.0707645,51.5986803],[-0.0714245,51.5987011],[-0.072043,51.5987098],[-0.072069,51.5989125],[-0.0722498,51.5998763],[-0.0726928,51.601147],[-0.0726245,51.6011554],[-0.070498,51.6013138],[-0.0702747,51.6013383],[-0.0701124,51.6013497],[-0.0701256,51.6014313],[-0.0694322,51.6014826],[-0.0693962,51.6013748],[-0.0693919,51.6013437],[-0.0679894,51.6014087],[-0.0679943,51.6012919],[-0.0684114,51.6012632],[-0.068379,51.6008194],[-0.0683781,51.6006539],[-0.068447,51.6005773],[-0.0684406,51.6003541],[-0.0684834,51.5999929]]]]},"properties":{"borough":"haringey","felt_id":537}},{"type":"Feature","geometry":{"type":"MultiPolygon","coordinates":[[[[-0.0501029,51.6032632],[-0.0495309,51.6009562],[-0.0503041,51.5995436],[-0.0513216,51.5988232],[-0.0540649,51.5991077],[-0.0554381,51.5994488],[-0.0560066,51.5995525],[-0.0561099,51.5995949],[-0.0565511,51.599661],[-0.0567339,51.5995766],[-0.0569139,51.5991722],[-0.0570854,51.5987581],[-0.0571177,51.5985357],[-0.0588394,51.5986478],[-0.0588157,51.5988089],[-0.0599732,51.5987512],[-0.0599762,51.5988294],[-0.0601705,51.5988333],[-0.0601643,51.598711],[-0.0610085,51.5986925],[-0.0610235,51.5989468],[-0.061194,51.5989348],[-0.0611888,51.5987483],[-0.0621077,51.5986698],[-0.0621368,51.5988939],[-0.0623677,51.5988735],[-0.0623502,51.5987527],[-0.0629043,51.5987095],[-0.0628609,51.5984932],[-0.0633208,51.5984575],[-0.0632901,51.5982982],[-0.0635511,51.5982783],[-0.0644734,51.5981988],[-0.0645986,51.5987175],[-0.0651597,51.5987045],[-0.0651074,51.5984594],[-0.0660795,51.5983639],[-0.0667503,51.5983478],[-0.0668127,51.5984901],[-0.0680282,51.59842],[-0.0680089,51.5986144],[-0.0682419,51.5986183],[-0.0686579,51.5986261],[-0.0686847,51.5988052],[-0.0685589,51.5987921],[-0.0685091,51.5993522],[-0.0684811,51.5995956],[-0.0684841,51.5997047],[-0.0684791,51.5999251],[-0.0682982,51.5999273],[-0.0683068,51.5999945],[-0.0684834,51.5999929],[-0.0684406,51.6003541],[-0.068447,51.6005773],[-0.0683781,51.6006539],[-0.068379,51.6008194],[-0.0684114,51.6012632],[-0.0679943,51.6012919],[-0.0679894,51.6014087],[-0.0693859,51.601344],[-0.0694322,51.6014826],[-0.069323,51.6014906],[-0.0694591,51.6020133],[-0.0682754,51.6020089],[-0.06828,51.6019605],[-0.0677207,51.6019609],[-0.0677542,51.6015227],[-0.0673113,51.6014614],[-0.0671178,51.6014447],[-0.0670715,51.6010393],[-0.0660695,51.6011725],[-0.0653541,51.6012547],[-0.06473,51.6013303],[-0.0647646,51.6018228],[-0.0647711,51.6020825],[-0.0646859,51.6020916],[-0.0643468,51.602098],[-0.0643622,51.6022453],[-0.0641925,51.6022474],[-0.0641747,51.6020336],[-0.0639189,51.6020391],[-0.0635642,51.6020453],[-0.063421,51.6020453],[-0.0634174,51.6020826],[-0.0632083,51.6020828],[-0.0632108,51.6020696],[-0.0627198,51.602103],[-0.0627379,51.6022832],[-0.0625669,51.6022892],[-0.0625527,51.6020949],[-0.062135,51.6021178],[-0.0621404,51.6020882],[-0.0618038,51.6021174],[-0.0618189,51.602355],[-0.0615099,51.6023664],[-0.0615131,51.6024816],[-0.0614804,51.6027344],[-0.0614101,51.6032668],[-0.0641528,51.6032629],[-0.0642525,51.6049105],[-0.0642344,51.6052299],[-0.0629493,51.6051482],[-0.0628731,51.6059423],[-0.0623291,51.6058553],[-0.0622198,51.6061776],[-0.0627834,51.6062472],[-0.0625924,51.6067949],[-0.062599,51.6071812],[-0.062701,51.60718],[-0.0627078,51.6076928],[-0.0622452,51.6076998],[-0.0622757,51.6086251],[-0.0620432,51.6086343],[-0.0618722,51.6086427],[-0.0612233,51.6086678],[-0.0595913,51.608725],[-0.0594909,51.6087277],[-0.059424,51.6087295],[-0.059365,51.608731],[-0.0592329,51.6087375],[-0.0590595,51.6087436],[-0.0580779,51.6088002],[-0.0579857,51.6088032],[-0.0578531,51.6088055],[-0.0577358,51.6088075],[-0.0576207,51.6088101],[-0.0574959,51.608813],[-0.0573696,51.6088166],[-0.0572241,51.6088207],[-0.0571794,51.6088219],[-0.0569969,51.6088263],[-0.0568567,51.6088296],[-0.0568006,51.6088313],[-0.0567644,51.6088323],[-0.0566059,51.6088357],[-0.0565847,51.6088363],[-0.0565001,51.6088388],[-0.0563936,51.6088459],[-0.056292,51.6088521],[-0.056235,51.6088554],[-0.0561646,51.6088593],[-0.0561421,51.6088595],[-0.0560964,51.6088621],[-0.0560003,51.608866],[-0.0559552,51.6088684],[-0.0557941,51.6088754],[-0.0557352,51.6088772],[-0.0556879,51.6088784],[-0.0556062,51.6088802],[-0.0553857,51.6088849],[-0.0553298,51.6088855],[-0.0552942,51.6088862],[-0.0544078,51.6088637],[-0.0543953,51.6088617],[-0.0541918,51.6088267],[-0.0539977,51.608787],[-0.053787,51.6087415],[-0.0537183,51.6087264],[-0.0533319,51.6086366],[-0.0533047,51.60863],[-0.0532533,51.6086178],[-0.0531884,51.6086025],[-0.0531534,51.6085942],[-0.0530839,51.608578],[-0.0530662,51.6085736],[-0.0530121,51.608549],[-0.0529483,51.608521],[-0.0529293,51.6085131],[-0.0530032,51.6084311],[-0.052999,51.6083483],[-0.0529979,51.6083231],[-0.0529516,51.608325],[-0.0529474,51.6082755],[-0.0529412,51.608198],[-0.0529356,51.6081597],[-0.0529287,51.6081115],[-0.0529157,51.6081104],[-0.0529157,51.6081005],[-0.0526823,51.6080844],[-0.0525726,51.6080685],[-0.0524843,51.6080535],[-0.0522592,51.6080062],[-0.0521768,51.6079866],[-0.052099,51.6079669],[-0.0520111,51.6079436],[-0.0518723,51.607915],[-0.0517613,51.6078925],[-0.0517136,51.6078751],[-0.0515499,51.6078132],[-0.0515261,51.607804],[-0.0515627,51.6077374],[-0.0514008,51.6076888],[-0.051132,51.6076079],[-0.0510278,51.6075766],[-0.0509019,51.607539],[-0.0507959,51.6075076],[-0.0507968,51.6075065],[-0.0507631,51.6074979],[-0.0507627,51.6074978],[-0.0506898,51.6074792],[-0.0506486,51.6074686],[-0.0506065,51.6074579],[-0.0505626,51.6074467],[-0.050517,51.607435],[-0.0504365,51.6074145],[-0.0502311,51.6073554],[-0.0499438,51.6072886],[-0.0498537,51.6072656],[-0.0497629,51.6072424],[-0.049764,51.6072403],[-0.049473,51.6071799],[-0.0494709,51.6071818],[-0.0493474,51.6071561],[-0.0492677,51.6070654],[-0.0491603,51.6068018],[-0.0502039,51.6044231],[-0.0501029,51.6032632]]]]},"properties":{"borough":"haringey","felt_id":538}},{"type":"Feature","geometry":{"type":"MultiPolygon","coordinates":[[[[-0.0600383,51.5879318],[-0.0601219,51.587529],[-0.0603088,51.5859534],[-0.0603558,51.5843068],[-0.0616029,51.5837834],[-0.0636195,51.5827618],[-0.0652592,51.582083],[-0.0653581,51.5821569],[-0.065453,51.5820299],[-0.0705541,51.5806571],[-0.0716899,51.5804715],[-0.0725745,51.5803729],[-0.0720913,51.5832695],[-0.0728595,51.5829071],[-0.0733384,51.58269],[-0.0742047,51.5823293],[-0.0743419,51.5822736],[-0.0749918,51.5819874],[-0.0756943,51.5816924],[-0.0758652,51.5816107],[-0.0764185,51.5813725],[-0.0765818,51.5813037],[-0.0771846,51.581042],[-0.0773564,51.5809704],[-0.0776972,51.5808064],[-0.0779685,51.5810666],[-0.0779935,51.5810906],[-0.0782243,51.5819002],[-0.078581,51.581863],[-0.0786803,51.5821822],[-0.0793171,51.5820828],[-0.0795181,51.5818518],[-0.0796444,51.5819042],[-0.0798571,51.5816775],[-0.0804239,51.5818689],[-0.0798195,51.5826463],[-0.0801393,51.5827452],[-0.0799536,51.5829758],[-0.0797014,51.5828964],[-0.0796201,51.5829931],[-0.0798633,51.5830693],[-0.0795997,51.5834093],[-0.0794022,51.5833867],[-0.0792378,51.5833331],[-0.0789574,51.5836654],[-0.0788994,51.5838552],[-0.0788484,51.5839807],[-0.0791039,51.5840087],[-0.0790186,51.5842204],[-0.0792957,51.5842514],[-0.0791969,51.5846594],[-0.0794213,51.5846866],[-0.0793657,51.5849198],[-0.0792822,51.585264],[-0.0798931,51.5852615],[-0.0801315,51.5858774],[-0.0799887,51.5858945],[-0.0802249,51.5864518],[-0.0803607,51.5864315],[-0.0807569,51.5873592],[-0.080834,51.5878587],[-0.0808848,51.5881761],[-0.080584,51.5881981],[-0.0805895,51.5882823],[-0.0802989,51.5883015],[-0.0803767,51.5886037],[-0.0804433,51.5888573],[-0.0802009,51.588915],[-0.0799415,51.588997],[-0.0794284,51.5890969],[-0.0789385,51.5891729],[-0.078953,51.5892483],[-0.078961,51.5892752],[-0.0787561,51.5893059],[-0.0788215,51.589573],[-0.0777708,51.5898229],[-0.0776725,51.5898429],[-0.0774716,51.5898486],[-0.077265,51.5898349],[-0.0768618,51.5898278],[-0.0768716,51.5895618],[-0.076737,51.5895568],[-0.0767202,51.5897017],[-0.0765021,51.5896731],[-0.0764808,51.5897207],[-0.0761279,51.5896717],[-0.0762248,51.5894518],[-0.0760725,51.5894259],[-0.0759802,51.5896462],[-0.0753704,51.5895399],[-0.0754621,51.5893021],[-0.075267,51.5892784],[-0.0752058,51.5894679],[-0.0749144,51.5894223],[-0.0749686,51.5892313],[-0.0746248,51.5891873],[-0.0745199,51.5894734],[-0.0742888,51.5898347],[-0.0742064,51.5899335],[-0.0738359,51.5903391],[-0.0734306,51.5907174],[-0.0732656,51.5908287],[-0.0730105,51.590668],[-0.0729447,51.5905881],[-0.0728149,51.5896665],[-0.0724196,51.5896802],[-0.0723648,51.5893769],[-0.0723309,51.5888601],[-0.0722857,51.5886032],[-0.0717579,51.5885976],[-0.0710676,51.5886071],[-0.0710674,51.5885984],[-0.0707086,51.5885797],[-0.0707091,51.5885773],[-0.0703102,51.5885812],[-0.0703046,51.5886652],[-0.0702559,51.5887406],[-0.07011,51.5887399],[-0.0699312,51.5887141],[-0.0696466,51.5887372],[-0.069031,51.5886484],[-0.0689732,51.5886435],[-0.0689153,51.5886392],[-0.0688573,51.5886355],[-0.0687992,51.5886325],[-0.068741,51.58863],[-0.0686828,51.5886282],[-0.0686245,51.588627],[-0.0685662,51.5886264],[-0.0685078,51.5886264],[-0.0684495,51.588627],[-0.0683913,51.5886283],[-0.068333,51.5886302],[-0.0682749,51.5886327],[-0.0682167,51.5886358],[-0.0681587,51.5886395],[-0.0681008,51.5886438],[-0.0680431,51.5886488],[-0.0679854,51.5886544],[-0.067928,51.5886605],[-0.0678707,51.5886673],[-0.0678136,51.5886747],[-0.0677567,51.5886827],[-0.0677001,51.5886913],[-0.0676436,51.5887005],[-0.0675875,51.5887103],[-0.0675316,51.5887207],[-0.067476,51.5887317],[-0.0674207,51.5887432],[-0.065232,51.5893682],[-0.0651973,51.589377],[-0.0651623,51.5893855],[-0.065127,51.5893936],[-0.0650916,51.5894013],[-0.0650559,51.5894086],[-0.0650201,51.5894155],[-0.0649841,51.589422],[-0.0649478,51.5894282],[-0.0649115,51.5894339],[-0.0648749,51.5894393],[-0.0648383,51.5894443],[-0.0648015,51.5894489],[-0.0647645,51.589453],[-0.0647275,51.5894568],[-0.0646903,51.5894602],[-0.0646531,51.5894632],[-0.0646158,51.5894658],[-0.0645784,51.5894679],[-0.064541,51.5894697],[-0.0645036,51.5894711],[-0.064466,51.5894721],[-0.0644285,51.5894726],[-0.064391,51.5894728],[-0.0643535,51.5894725],[-0.0643159,51.5894719],[-0.0642784,51.5894708],[-0.064241,51.5894694],[-0.0642036,51.5894675],[-0.064137,51.5894609],[-0.0640705,51.5894536],[-0.0640043,51.5894457],[-0.0639383,51.589437],[-0.0638725,51.5894277],[-0.063807,51.5894177],[-0.0637418,51.589407],[-0.0636769,51.5893957],[-0.0636122,51.5893837],[-0.0635479,51.589371],[-0.063484,51.5893576],[-0.0634204,51.5893436],[-0.0633572,51.589329],[-0.0632943,51.5893137],[-0.0624279,51.5890684],[-0.0618564,51.5889207],[-0.061812,51.5889155],[-0.0614809,51.5889098],[-0.061236,51.5882046],[-0.0611816,51.5879781],[-0.0600383,51.5879318]]]]},"properties":{"borough":"haringey","felt_id":539}},{"type":"Feature","geometry":{"type":"MultiPolygon","coordinates":[[[[-0.0804433,51.5888573],[-0.0803767,51.5886037],[-0.0802989,51.5883015],[-0.0805895,51.5882823],[-0.080584,51.5881981],[-0.0808848,51.5881761],[-0.080834,51.5878587],[-0.0807569,51.5873592],[-0.0803607,51.5864315],[-0.0802249,51.5864518],[-0.0799887,51.5858945],[-0.0801315,51.5858774],[-0.0799414,51.5853864],[-0.0799337,51.5852614],[-0.0792822,51.585264],[-0.0793657,51.5849198],[-0.0794213,51.5846866],[-0.0791969,51.5846594],[-0.0792957,51.5842514],[-0.0790186,51.5842204],[-0.0791039,51.5840087],[-0.0788484,51.5839807],[-0.0788994,51.5838552],[-0.0789421,51.5837158],[-0.0789566,51.5836847],[-0.0789993,51.5836157],[-0.0792378,51.5833331],[-0.0794022,51.5833867],[-0.0795997,51.5834093],[-0.0798633,51.5830693],[-0.0796201,51.5829931],[-0.0797014,51.5828964],[-0.0799536,51.5829758],[-0.0801393,51.5827452],[-0.0798195,51.5826463],[-0.0804239,51.5818689],[-0.0798571,51.5816775],[-0.0796444,51.5819042],[-0.0795181,51.5818518],[-0.0793171,51.5820828],[-0.0786803,51.5821822],[-0.078581,51.581863],[-0.078238,51.5818987],[-0.0782211,51.581889],[-0.0779935,51.5810906],[-0.0776972,51.5808064],[-0.0778794,51.580729],[-0.0788737,51.5803131],[-0.0795883,51.5800126],[-0.0802455,51.5797264],[-0.0804445,51.579633],[-0.0806365,51.5795878],[-0.0807559,51.5795898],[-0.0810224,51.5795049],[-0.0810502,51.5794887],[-0.081689,51.5798802],[-0.0820433,51.5798819],[-0.0825133,51.5800322],[-0.0829191,51.5801633],[-0.0843372,51.5806249],[-0.0842406,51.5807433],[-0.0843319,51.5807853],[-0.0849065,51.5809529],[-0.085327,51.5810124],[-0.0861818,51.581056],[-0.086307,51.58074],[-0.086399,51.5807527],[-0.0863068,51.5810684],[-0.0872564,51.5811909],[-0.0882414,51.5813162],[-0.0886541,51.5813688],[-0.0889176,51.5814016],[-0.0889135,51.5814976],[-0.088176,51.5814144],[-0.0881088,51.5814062],[-0.0879148,51.5818997],[-0.0882468,51.5819763],[-0.0880782,51.5825208],[-0.0879039,51.5830606],[-0.0878313,51.5832939],[-0.087769,51.5834941],[-0.0876267,51.5834993],[-0.0875591,51.5836845],[-0.0873078,51.5836774],[-0.0872849,51.5837752],[-0.0875526,51.5837839],[-0.0874809,51.5840161],[-0.0874578,51.584522],[-0.0872177,51.5845273],[-0.0872262,51.5846049],[-0.0874483,51.5846086],[-0.0874544,51.585463],[-0.0872603,51.5854642],[-0.087264,51.5858743],[-0.0873381,51.5858814],[-0.0874067,51.5859398],[-0.0875714,51.5861329],[-0.0877716,51.5862652],[-0.0877566,51.5862946],[-0.0872965,51.5862004],[-0.0871288,51.5861886],[-0.0870876,51.5863112],[-0.087017,51.5863163],[-0.0869099,51.5863658],[-0.0868811,51.5864171],[-0.0869057,51.5864831],[-0.0869354,51.5865312],[-0.0870287,51.5866731],[-0.0871353,51.5867263],[-0.087137,51.5868709],[-0.086835,51.5869819],[-0.0869768,51.5872235],[-0.0867437,51.5872806],[-0.0868822,51.5874553],[-0.0863659,51.5875975],[-0.0862118,51.5873753],[-0.0860858,51.5874129],[-0.0862865,51.5877088],[-0.0850826,51.5882501],[-0.0846198,51.5883512],[-0.0845732,51.5882532],[-0.0844421,51.5883201],[-0.0845058,51.5884736],[-0.0844367,51.5884864],[-0.0844532,51.5885249],[-0.0840799,51.5886307],[-0.0840731,51.5886032],[-0.0836928,51.5886685],[-0.0836389,51.5884931],[-0.0834708,51.5885162],[-0.0830779,51.588582],[-0.0831311,51.5887252],[-0.0828467,51.5887647],[-0.0827692,51.5887755],[-0.0827854,51.5888341],[-0.0826591,51.5888506],[-0.0826284,51.5888551],[-0.082551,51.5886597],[-0.0824269,51.5886829],[-0.0824711,51.5888162],[-0.082242,51.5888394],[-0.08169,51.5889005],[-0.0816413,51.5887474],[-0.0814654,51.5887726],[-0.0815159,51.5889319],[-0.0814741,51.5889402],[-0.0810904,51.5889838],[-0.0808764,51.589024],[-0.0808803,51.5890384],[-0.0808227,51.5890509],[-0.0808053,51.5890084],[-0.0807377,51.5890136],[-0.0807057,51.58902],[-0.0806733,51.5889223],[-0.0805168,51.5889771],[-0.0804433,51.5888573]]]]},"properties":{"borough":"haringey","felt_id":540}},{"type":"Feature","geometry":{"type":"MultiPolygon","coordinates":[[[[-0.0710646,51.5885931],[-0.0710648,51.5886017],[-0.0717552,51.5885922],[-0.0722857,51.5886032],[-0.0723309,51.5888601],[-0.072362,51.5893715],[-0.0724168,51.5896748],[-0.0728122,51.5896612],[-0.0729419,51.5905827],[-0.0730077,51.5906627],[-0.0732628,51.5908234],[-0.0734279,51.590712],[-0.0738332,51.5903337],[-0.0742036,51.5899281],[-0.0742861,51.5898293],[-0.0745172,51.589468],[-0.0746221,51.5891819],[-0.0749658,51.5892259],[-0.0749117,51.589417],[-0.0752031,51.5894626],[-0.0752642,51.589273],[-0.0754593,51.5892967],[-0.0753677,51.5895345],[-0.0759775,51.5896409],[-0.0760698,51.5894206],[-0.076222,51.5894464],[-0.0761251,51.5896664],[-0.0764781,51.5897153],[-0.0764993,51.5896677],[-0.0767175,51.5896963],[-0.0767342,51.5895514],[-0.0768689,51.5895564],[-0.0768591,51.5898224],[-0.0772623,51.5898295],[-0.0774689,51.5898432],[-0.0776698,51.5898375],[-0.077768,51.5898175],[-0.0788187,51.5895677],[-0.0787534,51.5893005],[-0.078961,51.5892752],[-0.0789875,51.5893663],[-0.0790934,51.5893541],[-0.079133,51.5894842],[-0.0791492,51.5895371],[-0.0793131,51.5895178],[-0.079412,51.5898217],[-0.0797099,51.5907297],[-0.079124,51.5908062],[-0.0790732,51.590858],[-0.0791419,51.5910016],[-0.0790709,51.5910672],[-0.0790029,51.5911127],[-0.0790229,51.5920161],[-0.0790304,51.5923021],[-0.0785934,51.5923251],[-0.0785824,51.5924385],[-0.0789125,51.5924436],[-0.078971,51.5936235],[-0.0785518,51.5936937],[-0.0785912,51.5938024],[-0.0789586,51.593764],[-0.0790186,51.5941181],[-0.0789835,51.5942429],[-0.0790252,51.5947696],[-0.0790335,51.5950339],[-0.0786524,51.5950414],[-0.0786711,51.5951571],[-0.0790371,51.5951495],[-0.0790559,51.5953915],[-0.0789115,51.5953936],[-0.0789192,51.5956465],[-0.0788854,51.5956463],[-0.0787991,51.5955599],[-0.078769,51.5955378],[-0.0785464,51.5955603],[-0.0781641,51.5956168],[-0.078179,51.5956669],[-0.0774013,51.5957646],[-0.0767216,51.5958459],[-0.0763517,51.5958876],[-0.0753736,51.5959451],[-0.0739574,51.5959828],[-0.0739834,51.5961855],[-0.0741643,51.5971494],[-0.0746072,51.5984201],[-0.074539,51.5984284],[-0.0744745,51.5984332],[-0.0724127,51.5985868],[-0.0721893,51.5986114],[-0.0720271,51.5986228],[-0.0720403,51.5987044],[-0.0714218,51.5986957],[-0.0707618,51.598675],[-0.0694508,51.5986356],[-0.0682391,51.5986129],[-0.0681901,51.5986121],[-0.0681969,51.598455],[-0.0681674,51.5982841],[-0.0682085,51.5977652],[-0.0682309,51.597501],[-0.0683875,51.5970438],[-0.0685197,51.5969158],[-0.0685315,51.5968825],[-0.0685122,51.5968789],[-0.0686457,51.5965057],[-0.0686091,51.5964992],[-0.0687445,51.5960995],[-0.0688175,51.5960634],[-0.0689994,51.5956037],[-0.0691206,51.5953503],[-0.0692686,51.5951122],[-0.0693412,51.5949313],[-0.0693219,51.5949283],[-0.0694981,51.5944689],[-0.069602,51.594195],[-0.0696923,51.5939623],[-0.069701,51.5939368],[-0.069829,51.593268],[-0.0699794,51.5923596],[-0.0700489,51.592184],[-0.0700909,51.5918929],[-0.0701111,51.5917552],[-0.0702227,51.5911851],[-0.0702722,51.590935],[-0.0702869,51.5905235],[-0.0703035,51.5904522],[-0.070349,51.5901791],[-0.0704123,51.5897409],[-0.0704385,51.5897402],[-0.0704996,51.5894804],[-0.0704999,51.5893943],[-0.070532,51.5893184],[-0.0705547,51.589179],[-0.070602,51.5889783],[-0.0706621,51.5887693],[-0.0707079,51.5885744],[-0.0707058,51.5885743],[-0.0710646,51.5885931]]]]},"properties":{"borough":"haringey","felt_id":541}},{"type":"Feature","geometry":{"type":"MultiPolygon","coordinates":[[[[-0.0563968,51.5994128],[-0.0563372,51.5995405],[-0.0563877,51.5995481],[-0.0563537,51.5996314],[-0.0561099,51.5995949],[-0.0560066,51.5995525],[-0.0553814,51.5994384],[-0.0571718,51.5955939],[-0.0574405,51.5950401],[-0.0581839,51.595179],[-0.0580797,51.5953994],[-0.0587689,51.5955226],[-0.0586762,51.5959813],[-0.0578443,51.5959248],[-0.0576832,51.5963023],[-0.0576204,51.5964531],[-0.0577791,51.5964632],[-0.0578259,51.5964664],[-0.0577788,51.5965634],[-0.0582062,51.5966494],[-0.0588366,51.5967321],[-0.0592833,51.5967578],[-0.059529,51.5967796],[-0.0603502,51.5968494],[-0.0605395,51.5968578],[-0.0611242,51.5969033],[-0.0624258,51.5969651],[-0.0627769,51.5969713],[-0.0627364,51.5972958],[-0.0625711,51.5973965],[-0.0626567,51.5978831],[-0.0626896,51.598167],[-0.0626915,51.5981868],[-0.0627083,51.5983233],[-0.0628281,51.5983197],[-0.0628652,51.5984929],[-0.0628609,51.5984932],[-0.0629043,51.5987095],[-0.0623502,51.5987527],[-0.0623677,51.5988735],[-0.0621368,51.5988939],[-0.0621077,51.5986698],[-0.0611888,51.5987483],[-0.061194,51.5989348],[-0.0610235,51.5989468],[-0.0610085,51.5986925],[-0.0601643,51.598711],[-0.0601705,51.5988333],[-0.0599762,51.5988294],[-0.0599732,51.5987512],[-0.0588157,51.5988089],[-0.0588394,51.5986478],[-0.0571177,51.5985357],[-0.0570854,51.5987581],[-0.0569139,51.5991722],[-0.056783,51.5994663],[-0.0563968,51.5994128]]]]},"properties":{"borough":"haringey","felt_id":542}},{"type":"Feature","geometry":{"type":"MultiPolygon","coordinates":[[[[-0.1471914,51.5776331],[-0.1459507,51.5771004],[-0.1448149,51.5766147],[-0.1447381,51.5764848],[-0.1444859,51.576424],[-0.1439554,51.5761906],[-0.1438295,51.5761109],[-0.1433719,51.5757156],[-0.1432793,51.5756288],[-0.1430712,51.5754366],[-0.143148,51.5753028],[-0.1434635,51.575119],[-0.1438739,51.57505],[-0.1436736,51.5743756],[-0.1437293,51.57437],[-0.1437023,51.5742431],[-0.1438964,51.5742237],[-0.143815,51.5738803],[-0.1464958,51.5736545],[-0.1468621,51.573421],[-0.1469058,51.5734854],[-0.1469079,51.5734959],[-0.1469046,51.5735083],[-0.1468312,51.5736228],[-0.1467887,51.573664],[-0.1467644,51.5737134],[-0.1467465,51.5737432],[-0.1467375,51.5737824],[-0.1467327,51.5738115],[-0.1467957,51.5739501],[-0.1474131,51.5739357],[-0.1474298,51.5739822],[-0.1474354,51.5740274],[-0.1474105,51.5740906],[-0.1476809,51.5743846],[-0.147746,51.5744261],[-0.147936,51.5744004],[-0.1483866,51.5744607],[-0.1488106,51.5745831],[-0.1490938,51.5746512],[-0.1490344,51.5748833],[-0.1491203,51.5748911],[-0.1490814,51.575059],[-0.1486133,51.5751367],[-0.1484677,51.5751606],[-0.1482216,51.5757505],[-0.1480657,51.5761405],[-0.1480335,51.5762401],[-0.1480378,51.5763],[-0.1480526,51.5763547],[-0.1480867,51.5764085],[-0.1481147,51.5764473],[-0.1481602,51.5764883],[-0.1481892,51.5765166],[-0.1482401,51.576543],[-0.148255,51.5765501],[-0.148277,51.5765589],[-0.1483226,51.5765727],[-0.148349,51.5765794],[-0.1483755,51.5765848],[-0.1484085,51.5765893],[-0.1484427,51.5765912],[-0.1485457,51.5765888],[-0.1486692,51.576584],[-0.1488259,51.5765735],[-0.1488755,51.5765684],[-0.1489705,51.5765577],[-0.1490263,51.576551],[-0.1490882,51.5765419],[-0.1491266,51.5765344],[-0.149162,51.5765258],[-0.1492031,51.576516],[-0.1492377,51.576504],[-0.1493027,51.5764826],[-0.1493649,51.576461],[-0.1494522,51.5764287],[-0.1495941,51.5763619],[-0.1499391,51.5762092],[-0.1502696,51.5761182],[-0.1503634,51.5762028],[-0.1507104,51.5761332],[-0.1509296,51.5763614],[-0.1513055,51.5767584],[-0.1517822,51.5773346],[-0.1514977,51.5774423],[-0.1516497,51.5776188],[-0.1518988,51.5779242],[-0.1522642,51.5778136],[-0.1523392,51.577877],[-0.1524825,51.5780506],[-0.1528198,51.5779019],[-0.1529577,51.578066],[-0.1526169,51.5781464],[-0.1527303,51.5782908],[-0.1530247,51.5786175],[-0.1531651,51.5788078],[-0.1530268,51.5788506],[-0.1532354,51.5791178],[-0.1533461,51.5790848],[-0.1536133,51.5794467],[-0.1537568,51.5794332],[-0.1538809,51.5795935],[-0.1540283,51.579747],[-0.1538081,51.5798216],[-0.1536564,51.5798808],[-0.1538282,51.5801009],[-0.1543688,51.5805525],[-0.1543706,51.5805541],[-0.154225,51.5806744],[-0.153225,51.5802504],[-0.1529677,51.5801635],[-0.1527573,51.5800709],[-0.152329,51.5798909],[-0.1514358,51.5795081],[-0.1504286,51.5790909],[-0.1499299,51.5788918],[-0.1496719,51.5791122],[-0.1480895,51.5784734],[-0.1475993,51.5780876],[-0.1478081,51.5779097],[-0.1471914,51.5776331]]]]},"properties":{"borough":"haringey","felt_id":543}},{"type":"Feature","geometry":{"type":"MultiPolygon","coordinates":[[[[-0.1440586,51.5901862],[-0.1440929,51.5901645],[-0.1443063,51.5900211],[-0.1443867,51.5899693],[-0.1444812,51.5899079],[-0.1445391,51.5898701],[-0.1445972,51.5898317],[-0.1446599,51.5897929],[-0.1447174,51.5897572],[-0.1448002,51.5897054],[-0.144873,51.5896816],[-0.1449262,51.5896685],[-0.1450298,51.5896594],[-0.1451227,51.5896612],[-0.145138,51.5896615],[-0.1451538,51.5896649],[-0.145256,51.589689],[-0.1453335,51.5897197],[-0.1454042,51.5897548],[-0.1456842,51.5898801],[-0.1468665,51.5904136],[-0.1470674,51.5905135],[-0.1471539,51.5905496],[-0.1472943,51.5906109],[-0.1474262,51.5906715],[-0.1477818,51.5908372],[-0.1479589,51.5909203],[-0.148097,51.5909865],[-0.1481006,51.5909857],[-0.1484888,51.5911672],[-0.1487179,51.5912847],[-0.1487099,51.5913383],[-0.1487376,51.5913902],[-0.1487915,51.5914788],[-0.1487332,51.5914929],[-0.1486043,51.5915219],[-0.1485293,51.5915387],[-0.148533,51.5915523],[-0.1485434,51.5915987],[-0.1485566,51.591683],[-0.1485887,51.5916921],[-0.1486158,51.591755],[-0.1486248,51.5918167],[-0.1486339,51.5918767],[-0.1486429,51.5919384],[-0.1486469,51.5919659],[-0.1485848,51.5919847],[-0.1485897,51.5920046],[-0.1486025,51.5920623],[-0.1486167,51.5921219],[-0.1486301,51.5921824],[-0.1486436,51.5922428],[-0.1486509,51.5922744],[-0.148657,51.5923019],[-0.1486705,51.5923611],[-0.1486847,51.5924211],[-0.1486859,51.5924265],[-0.1487011,51.5924793],[-0.1487181,51.5925403],[-0.1487359,51.5925999],[-0.1487516,51.5926577],[-0.1487687,51.5927165],[-0.1487908,51.5927937],[-0.1490149,51.5927676],[-0.1493434,51.5927276],[-0.1493876,51.5928598],[-0.1490346,51.5929041],[-0.1488794,51.5929228],[-0.1488896,51.5929549],[-0.1489038,51.5929983],[-0.1489224,51.5930547],[-0.1489403,51.5931103],[-0.1489583,51.5931668],[-0.148977,51.593222],[-0.1489893,51.5932563],[-0.1489994,51.5932925],[-0.1489013,51.5933071],[-0.1488083,51.5933209],[-0.1487953,51.593323],[-0.1487803,51.5933191],[-0.1487125,51.5933356],[-0.1486217,51.5933477],[-0.1485253,51.5933587],[-0.1484288,51.5933702],[-0.1483308,51.5933835],[-0.1482952,51.5933884],[-0.1482626,51.5933923],[-0.148238,51.5933942],[-0.1480677,51.5934104],[-0.1480616,51.5934009],[-0.1478985,51.5934001],[-0.1478848,51.5933994],[-0.1477268,51.5933798],[-0.147581,51.5933618],[-0.1475566,51.5933578],[-0.1475458,51.5933559],[-0.1475201,51.5933487],[-0.1473875,51.5933075],[-0.1472649,51.5932696],[-0.1472478,51.5932653],[-0.1472307,51.5932587],[-0.1472208,51.5932545],[-0.1471039,51.5931807],[-0.1469851,51.5931033],[-0.1469073,51.5930104],[-0.1468353,51.5929166],[-0.1467742,51.592823],[-0.1467395,51.5927699],[-0.1467014,51.5927122],[-0.1466661,51.592659],[-0.1466294,51.5926036],[-0.1466189,51.5925878],[-0.1465111,51.5924241],[-0.1464318,51.5924381],[-0.1464254,51.5923994],[-0.1463778,51.5923982],[-0.1462349,51.5923977],[-0.1461967,51.5923975],[-0.1460271,51.5923962],[-0.1459729,51.5923951],[-0.1458403,51.5923924],[-0.1457314,51.5923906],[-0.1455987,51.5923872],[-0.1455097,51.5924816],[-0.1453067,51.5925737],[-0.1453029,51.592579],[-0.1452937,51.5925739],[-0.1452196,51.5925327],[-0.1451393,51.592518],[-0.1450105,51.5924719],[-0.145002,51.592469],[-0.1449486,51.5924507],[-0.1448732,51.5924238],[-0.14478,51.5923909],[-0.144701,51.5923627],[-0.1446903,51.5923589],[-0.1446348,51.5923396],[-0.1446156,51.592333],[-0.1445978,51.5923269],[-0.144528,51.5923024],[-0.1445045,51.5922944],[-0.1444348,51.5922699],[-0.1444141,51.5922628],[-0.1443487,51.5922398],[-0.1443245,51.5922313],[-0.1442597,51.5922087],[-0.1442305,51.5921988],[-0.144138,51.5921663],[-0.1440447,51.5921342],[-0.1439508,51.5921017],[-0.1437771,51.5920405],[-0.143684,51.5920062],[-0.1436779,51.5920133],[-0.1436567,51.5920382],[-0.1436491,51.5920461],[-0.1437139,51.5922099],[-0.1436919,51.5922361],[-0.1436057,51.5923514],[-0.1433569,51.5923907],[-0.1432778,51.5922005],[-0.1432125,51.5920455],[-0.1431459,51.5918889],[-0.1431426,51.5918826],[-0.1430574,51.59174],[-0.1429905,51.5916477],[-0.1428373,51.5914385],[-0.1427249,51.5912555],[-0.1427456,51.591245],[-0.1431766,51.5913961],[-0.1432489,51.5913153],[-0.1429312,51.5912094],[-0.1430109,51.5911323],[-0.1427411,51.5910377],[-0.1427355,51.5910188],[-0.142762,51.5909831],[-0.1428174,51.5909364],[-0.1428493,51.5909144],[-0.1428804,51.5908955],[-0.1429439,51.5908592],[-0.1430105,51.5908212],[-0.1430748,51.5907835],[-0.1431376,51.5907476],[-0.1432728,51.5906715],[-0.1433335,51.5906352],[-0.1433985,51.5905993],[-0.1434636,51.5905595],[-0.1435881,51.5904805],[-0.1436518,51.5904415],[-0.143711,51.5904047],[-0.1437739,51.5903656],[-0.1438374,51.5903261],[-0.1438975,51.5902884],[-0.1440436,51.5903502],[-0.1441507,51.5903987],[-0.1441668,51.5904061],[-0.1442254,51.5903527],[-0.1442682,51.5903759],[-0.1443363,51.5903202],[-0.1443363,51.5903202],[-0.1443371,51.5903195],[-0.1442928,51.5902985],[-0.1440586,51.5901862]],[[-0.1431763,51.5913963],[-0.1432117,51.5914084],[-0.1431766,51.5913961],[-0.1431763,51.5913963]]]]},"properties":{"borough":"haringey","felt_id":544}},{"type":"Feature","geometry":{"type":"MultiPolygon","coordinates":[[[[-0.1334694,51.5728434],[-0.1342252,51.5724407],[-0.1351702,51.5719249],[-0.1352509,51.571981],[-0.1360162,51.5716876],[-0.1363142,51.5715594],[-0.1367656,51.5713203],[-0.1375868,51.5710332],[-0.1377332,51.5709734],[-0.1379647,51.5708579],[-0.1380945,51.5707801],[-0.1382701,51.5707118],[-0.1391739,51.5715989],[-0.140744,51.5732611],[-0.1412566,51.573806],[-0.1419902,51.5745826],[-0.1426725,51.5753197],[-0.1432499,51.5758746],[-0.1436642,51.5762188],[-0.143958,51.5763746],[-0.1432779,51.5764708],[-0.1430447,51.5764388],[-0.1421877,51.5760777],[-0.1415534,51.5759723],[-0.1409404,51.5760175],[-0.141028,51.5763295],[-0.1408895,51.5763444],[-0.1410167,51.5766126],[-0.1404703,51.5767146],[-0.1405214,51.5768067],[-0.1373712,51.57755],[-0.137774,51.5781393],[-0.1370935,51.5782949],[-0.1367535,51.5777329],[-0.1364254,51.5778163],[-0.1360016,51.5772925],[-0.1357925,51.5770243],[-0.1351972,51.5763189],[-0.1359957,51.5760406],[-0.1352202,51.5750443],[-0.1344479,51.5741445],[-0.1339583,51.5736077],[-0.1338204,51.573445],[-0.1335268,51.5731441],[-0.1333878,51.5729975],[-0.1335386,51.5729104],[-0.1334694,51.5728434]]]]},"properties":{"borough":"haringey","felt_id":545}},{"type":"Feature","geometry":{"type":"MultiPolygon","coordinates":[[[[-0.1117241,51.573696],[-0.1119019,51.573606],[-0.1119018,51.5735067],[-0.1119909,51.5734608],[-0.1121785,51.5735038],[-0.1125746,51.5735801],[-0.1129194,51.5736672],[-0.1130313,51.5734706],[-0.1126289,51.5733748],[-0.1134569,51.5732143],[-0.115375,51.5724029],[-0.1155486,51.5725722],[-0.1155455,51.5725743],[-0.1155701,51.5725932],[-0.1158031,51.5728204],[-0.1158942,51.5729075],[-0.1168177,51.573556],[-0.1169081,51.573623],[-0.1169653,51.5736632],[-0.1169792,51.5736753],[-0.1169857,51.5736749],[-0.1171844,51.5738258],[-0.1174512,51.5740405],[-0.1175853,51.5741479],[-0.1177969,51.5741876],[-0.1175077,51.5743976],[-0.117207,51.5745415],[-0.1174803,51.574768],[-0.1172013,51.5748836],[-0.1173961,51.5750782],[-0.1169969,51.5752227],[-0.1165864,51.5754065],[-0.1160952,51.5756435],[-0.1156649,51.5758497],[-0.1153245,51.5759879],[-0.1150941,51.5760301],[-0.1144123,51.5761255],[-0.1142132,51.5761861],[-0.1145692,51.576638],[-0.1139992,51.5767413],[-0.1140698,51.576902],[-0.1142027,51.5768997],[-0.1144115,51.577189],[-0.1149113,51.5771438],[-0.1149681,51.5772634],[-0.1145258,51.5773041],[-0.1167672,51.5803234],[-0.1172193,51.5802442],[-0.1172811,51.5803631],[-0.1169007,51.5804271],[-0.1174407,51.581139],[-0.1176472,51.581413],[-0.1181144,51.5820261],[-0.1183399,51.5823099],[-0.1182841,51.5823323],[-0.1183886,51.5824415],[-0.1185911,51.582668],[-0.1182758,51.5827776],[-0.1178444,51.5829316],[-0.1175874,51.5830613],[-0.1174263,51.5831531],[-0.1173746,51.5831941],[-0.1172603,51.5832803],[-0.1171812,51.5833333],[-0.1171398,51.5833639],[-0.116958,51.5832755],[-0.1168288,51.5833536],[-0.1166826,51.5832772],[-0.1166145,51.583162],[-0.1165417,51.5830665],[-0.1165866,51.5830538],[-0.1163247,51.5827173],[-0.1162294,51.5827411],[-0.1161764,51.5826638],[-0.1153645,51.5829001],[-0.1150538,51.5829949],[-0.114817,51.5827027],[-0.1142262,51.5828777],[-0.1140137,51.5826487],[-0.1137434,51.5823719],[-0.1133585,51.582037],[-0.1133131,51.5820538],[-0.1132813,51.5820279],[-0.1132079,51.5819626],[-0.1131757,51.5819207],[-0.1131456,51.5818802],[-0.1130169,51.5817114],[-0.1129923,51.5816786],[-0.1130112,51.5816407],[-0.1128863,51.5816598],[-0.1128172,51.5816715],[-0.1127382,51.581681],[-0.1125524,51.5816941],[-0.1125032,51.5817094],[-0.1125889,51.581809],[-0.1125792,51.5818397],[-0.1121509,51.5819809],[-0.1118816,51.5820743],[-0.1118244,51.5820039],[-0.1117446,51.5819373],[-0.1116798,51.5818989],[-0.111548,51.5817337],[-0.1112782,51.5813763],[-0.1108921,51.5808721],[-0.1103803,51.5801973],[-0.1099924,51.5796922],[-0.1095496,51.5790945],[-0.1093499,51.578827],[-0.1093186,51.5788409],[-0.1092529,51.5790538],[-0.1079149,51.5792471],[-0.1069839,51.5792464],[-0.106663,51.5784285],[-0.1058871,51.5775871],[-0.1055955,51.5771953],[-0.1055118,51.5769463],[-0.1056188,51.5767688],[-0.1057234,51.576485],[-0.1058272,51.5762068],[-0.1061998,51.5757242],[-0.1066087,51.5754289],[-0.1069166,51.5752715],[-0.1072245,51.5751141],[-0.107585,51.5750002],[-0.1074349,51.5747797],[-0.107285,51.574559],[-0.1072678,51.5744973],[-0.1073682,51.5744731],[-0.1073397,51.5744329],[-0.1074454,51.5744008],[-0.1077829,51.5749618],[-0.1116441,51.5737167],[-0.1117241,51.573696]]]]},"properties":{"borough":"haringey","felt_id":546}},{"type":"Feature","geometry":{"type":"MultiPolygon","coordinates":[[[[-0.1522642,51.5778136],[-0.1520716,51.5778698],[-0.1518988,51.5779242],[-0.1516497,51.5776188],[-0.1514977,51.5774423],[-0.1517822,51.5773346],[-0.1513055,51.5767584],[-0.1509296,51.5763614],[-0.1507104,51.5761332],[-0.1503634,51.5762028],[-0.1502696,51.5761182],[-0.1499391,51.5762092],[-0.1495941,51.5763619],[-0.1494522,51.5764287],[-0.1493649,51.576461],[-0.1493027,51.5764826],[-0.1492377,51.576504],[-0.1492031,51.576516],[-0.149162,51.5765258],[-0.1491266,51.5765344],[-0.1490882,51.5765419],[-0.1490263,51.576551],[-0.1489705,51.5765577],[-0.1488755,51.5765684],[-0.1488259,51.5765735],[-0.1486692,51.576584],[-0.1485457,51.5765888],[-0.1484427,51.5765912],[-0.1484085,51.5765893],[-0.1483755,51.5765848],[-0.148349,51.5765794],[-0.1483226,51.5765727],[-0.148277,51.5765589],[-0.148255,51.5765501],[-0.1482401,51.576543],[-0.1481892,51.5765166],[-0.1481602,51.5764883],[-0.1481147,51.5764473],[-0.1480867,51.5764085],[-0.1480526,51.5763547],[-0.1480378,51.5763],[-0.1480335,51.5762401],[-0.1480657,51.5761405],[-0.1482216,51.5757505],[-0.1484677,51.5751606],[-0.1486133,51.5751367],[-0.1490956,51.5750566],[-0.1496626,51.5750519],[-0.1498733,51.5752634],[-0.150041,51.5752931],[-0.1506654,51.5751096],[-0.1514244,51.5748724],[-0.1523631,51.5746336],[-0.1525415,51.5750024],[-0.1529018,51.5748368],[-0.1530493,51.5749547],[-0.1535197,51.5747261],[-0.1551002,51.5743251],[-0.1546512,51.5741117],[-0.1553608,51.5737442],[-0.1557077,51.5740055],[-0.156088,51.5742372],[-0.1565053,51.5744623],[-0.1568454,51.5744933],[-0.1569002,51.5746606],[-0.1570224,51.575023],[-0.1569527,51.5750516],[-0.1577112,51.5752973],[-0.1594535,51.5747379],[-0.1597062,51.5744275],[-0.1596714,51.574414],[-0.1597537,51.5743411],[-0.1600862,51.573969],[-0.1597658,51.5738444],[-0.1599165,51.5737052],[-0.1602431,51.5737453],[-0.1601916,51.5736816],[-0.160178,51.5736243],[-0.1601764,51.5735937],[-0.1602091,51.5735528],[-0.1604221,51.5736029],[-0.160695,51.5732223],[-0.1607353,51.5732252],[-0.1609486,51.5729156],[-0.1617853,51.5728063],[-0.1622224,51.572759],[-0.162312,51.572757],[-0.1629293,51.5727118],[-0.1629584,51.5727111],[-0.1631323,51.5727045],[-0.1631435,51.5729552],[-0.1633648,51.5729535],[-0.1633738,51.5730885],[-0.163721,51.5730849],[-0.1637269,51.5733492],[-0.1641401,51.5733338],[-0.1641526,51.5735287],[-0.1641652,51.5737168],[-0.1641776,51.5739104],[-0.1641818,51.5739873],[-0.1641893,51.5741043],[-0.164196,51.5742236],[-0.1642005,51.5743091],[-0.1642098,51.5744709],[-0.164197,51.5744828],[-0.1640713,51.574705],[-0.1639449,51.5749233],[-0.1639433,51.5749265],[-0.1638286,51.57514],[-0.1637381,51.5753099],[-0.1637788,51.5753569],[-0.1636797,51.5754866],[-0.1633578,51.5756502],[-0.1633094,51.5756683],[-0.1630814,51.5757942],[-0.163031,51.5758285],[-0.1628653,51.5759113],[-0.1626431,51.5760337],[-0.1624151,51.5761597],[-0.1621812,51.5762877],[-0.1618971,51.5764429],[-0.1618855,51.5764607],[-0.1618233,51.5765362],[-0.1616839,51.5767183],[-0.1615635,51.5768761],[-0.1614303,51.577048],[-0.1612964,51.5772194],[-0.1612214,51.5773248],[-0.1611318,51.5774722],[-0.1609811,51.5777185],[-0.1609892,51.577742],[-0.1604743,51.5783328],[-0.1603812,51.5784384],[-0.1602436,51.578595],[-0.1601175,51.5787512],[-0.1599898,51.578912],[-0.159862,51.5790737],[-0.1597311,51.5792402],[-0.1595971,51.579413],[-0.1594746,51.5795698],[-0.1593535,51.579728],[-0.159256,51.579855],[-0.1591586,51.579979],[-0.1590451,51.5801246],[-0.1587871,51.5804583],[-0.158363,51.5810046],[-0.1586573,51.5810263],[-0.1585256,51.581585],[-0.1582297,51.581569],[-0.1579016,51.5815578],[-0.1574181,51.5815574],[-0.1572748,51.5815613],[-0.1572321,51.5815074],[-0.1571898,51.5814263],[-0.1571367,51.5813483],[-0.1570192,51.5813234],[-0.1569494,51.5813032],[-0.1568331,51.5814505],[-0.1568015,51.5814816],[-0.1564673,51.581322],[-0.1564155,51.5812975],[-0.156392,51.5812754],[-0.1560933,51.5810423],[-0.1558677,51.5808581],[-0.1557587,51.5807691],[-0.1556721,51.5806958],[-0.1554312,51.5807639],[-0.1554068,51.5807788],[-0.1553889,51.5807588],[-0.1552577,51.580807],[-0.1552123,51.5808243],[-0.1551098,51.5808591],[-0.1548637,51.5806165],[-0.1545835,51.5807442],[-0.1544551,51.5806308],[-0.1544139,51.5805943],[-0.1543706,51.5805541],[-0.1543707,51.5805541],[-0.1538282,51.5801009],[-0.1536564,51.5798808],[-0.1538081,51.5798216],[-0.1540283,51.579747],[-0.1538809,51.5795935],[-0.1537568,51.5794332],[-0.1536133,51.5794467],[-0.1533461,51.5790848],[-0.1532354,51.5791178],[-0.1530268,51.5788506],[-0.1531651,51.5788078],[-0.1530247,51.5786175],[-0.1527303,51.5782908],[-0.1526169,51.5781464],[-0.1529577,51.578066],[-0.1528198,51.5779019],[-0.1524825,51.5780506],[-0.1523441,51.5778811],[-0.1523392,51.577877],[-0.1522642,51.5778136]]]]},"properties":{"borough":"haringey","felt_id":547}},{"type":"Feature","geometry":{"type":"MultiPolygon","coordinates":[[[[-0.1437139,51.5922099],[-0.1436491,51.5920461],[-0.1436567,51.5920382],[-0.1436779,51.5920133],[-0.143684,51.5920062],[-0.1437771,51.5920405],[-0.1439508,51.5921017],[-0.1440447,51.5921342],[-0.144138,51.5921663],[-0.1442305,51.5921988],[-0.1442597,51.5922087],[-0.1443245,51.5922313],[-0.1443487,51.5922398],[-0.1444141,51.5922628],[-0.1444348,51.5922699],[-0.1445045,51.5922944],[-0.144528,51.5923024],[-0.1445978,51.5923269],[-0.1446156,51.592333],[-0.1446348,51.5923396],[-0.1446903,51.5923589],[-0.144701,51.5923627],[-0.14478,51.5923909],[-0.1448732,51.5924238],[-0.1449486,51.5924507],[-0.145002,51.592469],[-0.1450105,51.5924719],[-0.1451393,51.592518],[-0.1452196,51.5925327],[-0.1452937,51.5925739],[-0.145305,51.5925804],[-0.1453261,51.5926459],[-0.145335,51.5926766],[-0.1453583,51.5927777],[-0.1453738,51.5928409],[-0.1453905,51.5929082],[-0.1454053,51.5929704],[-0.145422,51.5930395],[-0.1454318,51.593081],[-0.1454417,51.5931225],[-0.1454497,51.5931573],[-0.1454626,51.5932128],[-0.1454723,51.5932566],[-0.1454802,51.5932927],[-0.145488,51.5933324],[-0.1452989,51.5933851],[-0.145112,51.5934357],[-0.1449536,51.5934795],[-0.1448609,51.593505],[-0.1447623,51.5935322],[-0.1446659,51.5935599],[-0.1445681,51.5935876],[-0.1444892,51.5936093],[-0.1444498,51.5936203],[-0.1444089,51.5936318],[-0.1443152,51.5935395],[-0.1442801,51.5935045],[-0.144241,51.5934655],[-0.1442063,51.5934303],[-0.1440263,51.593294],[-0.1440019,51.5932741],[-0.1439963,51.5932692],[-0.1439671,51.5932427],[-0.143919,51.593201],[-0.143905,51.5931891],[-0.1438904,51.5931749],[-0.1438203,51.5931064],[-0.1438342,51.5931025],[-0.1438473,51.5930991],[-0.1439794,51.5930653],[-0.1440793,51.5930399],[-0.1441223,51.5930289],[-0.1440792,51.5929715],[-0.1440525,51.592936],[-0.144034,51.5929119],[-0.1439956,51.5928627],[-0.1439887,51.5928545],[-0.1439427,51.5927954],[-0.143938,51.5927881],[-0.1439064,51.5927476],[-0.143896,51.5927375],[-0.1438427,51.5926805],[-0.1438227,51.592659],[-0.143806,51.5926259],[-0.1437866,51.5925883],[-0.1437845,51.5925851],[-0.1437688,51.5925638],[-0.1437972,51.5925219],[-0.1437822,51.5925177],[-0.1437188,51.5924987],[-0.1436731,51.5924849],[-0.1436696,51.5924835],[-0.1436667,51.5924826],[-0.1436617,51.592482],[-0.1436495,51.5924814],[-0.1436394,51.5924812],[-0.1436307,51.5924811],[-0.143617,51.5924813],[-0.1436083,51.5924821],[-0.1436003,51.5924829],[-0.143588,51.5924845],[-0.1434368,51.592509],[-0.1433752,51.5923907],[-0.1433789,51.5923903],[-0.1433825,51.5923895],[-0.1435613,51.5923586],[-0.14365,51.5923443],[-0.1436529,51.5923448],[-0.1436461,51.5923159],[-0.1436665,51.5922924],[-0.1437113,51.5922391],[-0.1436985,51.5922353],[-0.1436919,51.5922361],[-0.1437139,51.5922099]]]]},"properties":{"borough":"haringey","felt_id":548}},{"type":"Feature","geometry":{"type":"MultiPolygon","coordinates":[[[[-0.088925,51.597901],[-0.0888857,51.598423],[-0.0888851,51.5984965],[-0.088887,51.5985573],[-0.0888846,51.598681],[-0.0890725,51.5986807],[-0.0891478,51.5987022],[-0.0891268,51.5987476],[-0.0891172,51.5989169],[-0.0891351,51.598934],[-0.0891238,51.5990732],[-0.089104,51.5990863],[-0.0890797,51.5995211],[-0.0891005,51.5995233],[-0.0890998,51.5996193],[-0.0891757,51.5996206],[-0.0891766,51.5996293],[-0.0893811,51.5996319],[-0.089372,51.5997897],[-0.089551,51.599793],[-0.0895593,51.5996203],[-0.0901289,51.5996326],[-0.09011,51.5998066],[-0.090289,51.5998097],[-0.0903085,51.5996345],[-0.0908661,51.5996511],[-0.0908526,51.599824],[-0.0910301,51.5998282],[-0.0910416,51.5996398],[-0.0914096,51.5996473],[-0.0913998,51.5998342],[-0.0917287,51.5998576],[-0.0919719,51.5998683],[-0.0919029,51.6002446],[-0.0917935,51.6006464],[-0.0917029,51.6008328],[-0.0914997,51.6011212],[-0.0914068,51.6012401],[-0.0913736,51.6012365],[-0.0913135,51.6013092],[-0.0909542,51.6016483],[-0.0906955,51.6018437],[-0.0903994,51.6020344],[-0.0900112,51.6022341],[-0.0894834,51.6024422],[-0.0891205,51.6025559],[-0.0884688,51.602704],[-0.0878793,51.6027789],[-0.0873756,51.6028076],[-0.0872863,51.6028127],[-0.0870049,51.6028166],[-0.0865666,51.6027816],[-0.0862786,51.6026247],[-0.086042,51.602584],[-0.0859669,51.6025683],[-0.0857902,51.6025286],[-0.0857681,51.6025224],[-0.0856623,51.6024973],[-0.0854641,51.602436],[-0.0852868,51.6023783],[-0.0851782,51.6023409],[-0.0850743,51.6022966],[-0.0849605,51.6022462],[-0.0848238,51.6021841],[-0.0847504,51.6021474],[-0.0846631,51.6021006],[-0.0845603,51.6020391],[-0.0844316,51.6019579],[-0.0842968,51.6018662],[-0.0842457,51.6018285],[-0.084143,51.6017463],[-0.0837911,51.6014617],[-0.0835887,51.6015691],[-0.0834687,51.6014806],[-0.0836449,51.6013839],[-0.0834838,51.6012486],[-0.083245,51.601091],[-0.0830644,51.6009875],[-0.0828316,51.6008526],[-0.0826156,51.6007223],[-0.0825079,51.6006664],[-0.0824803,51.6006875],[-0.0823319,51.600803],[-0.0821286,51.6006967],[-0.0821505,51.6006747],[-0.0822625,51.6005777],[-0.0822894,51.600557],[-0.0819036,51.6003967],[-0.0816271,51.6002792],[-0.0813731,51.600176],[-0.0812009,51.6001106],[-0.0810419,51.6000703],[-0.0809849,51.6000334],[-0.0807636,51.5999587],[-0.0804158,51.5998496],[-0.0802005,51.5997863],[-0.0801734,51.5997944],[-0.0801593,51.5999579],[-0.0799125,51.5998868],[-0.0794348,51.5997793],[-0.0792075,51.5997262],[-0.0792563,51.5996525],[-0.079289,51.5996064],[-0.0792929,51.5996013],[-0.0791495,51.5995749],[-0.0790016,51.5995554],[-0.0789052,51.5995484],[-0.0785665,51.599544],[-0.0782836,51.5995417],[-0.0776638,51.5995384],[-0.0776122,51.5995295],[-0.0774613,51.5994443],[-0.0770851,51.5984872],[-0.076885,51.598287],[-0.0768548,51.5982649],[-0.0766323,51.5982873],[-0.0762545,51.5983432],[-0.0762448,51.5983394],[-0.0762143,51.5982233],[-0.0762299,51.5982222],[-0.0762652,51.5982199],[-0.0762275,51.5980389],[-0.07697,51.5979911],[-0.0769848,51.5980859],[-0.0772447,51.5980689],[-0.0772683,51.5982558],[-0.077504,51.5982369],[-0.0774701,51.5980569],[-0.0777755,51.5980359],[-0.0777644,51.5979466],[-0.0782971,51.5979108],[-0.0784051,51.5979026],[-0.0784208,51.5979849],[-0.0784737,51.5981978],[-0.0786527,51.5981903],[-0.0785982,51.5979415],[-0.0785861,51.5978719],[-0.0787084,51.5978649],[-0.0790427,51.5978444],[-0.0790516,51.5978921],[-0.079074,51.5980284],[-0.0791273,51.5980239],[-0.0791085,51.5979172],[-0.0791589,51.5979139],[-0.0791614,51.597905],[-0.0794404,51.5978874],[-0.079461,51.5980923],[-0.0795314,51.5980842],[-0.0795005,51.5977561],[-0.0798029,51.5976977],[-0.0799695,51.5976699],[-0.0801343,51.5976471],[-0.0803344,51.5976216],[-0.0804149,51.5976137],[-0.0805051,51.5976069],[-0.0805897,51.5975997],[-0.080683,51.5975916],[-0.0807684,51.5975849],[-0.0808461,51.5975787],[-0.0808591,51.5975789],[-0.0808848,51.5975765],[-0.0810394,51.597566],[-0.0811093,51.5979598],[-0.0812029,51.597954],[-0.0811523,51.5976881],[-0.0814385,51.5976694],[-0.0814863,51.5978138],[-0.081505,51.5979368],[-0.0820499,51.5979068],[-0.0820419,51.5978616],[-0.0820378,51.5978385],[-0.0820034,51.5976356],[-0.0823046,51.5976161],[-0.0823495,51.5978833],[-0.0824401,51.5978851],[-0.0823663,51.5974415],[-0.0825824,51.5974265],[-0.0825794,51.5974018],[-0.0827302,51.5973929],[-0.0827445,51.5974741],[-0.0827888,51.5974721],[-0.0829629,51.5974639],[-0.083054,51.5974596],[-0.0830594,51.5975062],[-0.0831525,51.5975007],[-0.0831526,51.5974946],[-0.0835077,51.5974779],[-0.083554,51.597803],[-0.0836222,51.5978008],[-0.0836031,51.5974742],[-0.0837771,51.5974704],[-0.083777,51.5974789],[-0.0839569,51.5974741],[-0.0839553,51.5974653],[-0.084037,51.5974635],[-0.0840527,51.5974669],[-0.0842156,51.5974644],[-0.0842159,51.5974675],[-0.0843063,51.5974651],[-0.0843067,51.5974713],[-0.0843886,51.5974688],[-0.0843814,51.5974181],[-0.0844641,51.5974173],[-0.0845077,51.5977796],[-0.0846924,51.5977773],[-0.084647,51.5974105],[-0.0847494,51.5974079],[-0.0847495,51.5974094],[-0.0847732,51.5974074],[-0.0850348,51.5974005],[-0.0852095,51.5974006],[-0.0856426,51.5974032],[-0.0862993,51.5974085],[-0.08644,51.597409],[-0.0864345,51.5977825],[-0.0864815,51.5977815],[-0.0864867,51.5974156],[-0.0871398,51.5974226],[-0.0872404,51.5974],[-0.0872846,51.5973958],[-0.087417,51.5974078],[-0.08744,51.5974082],[-0.0874551,51.5974269],[-0.0879182,51.5974277],[-0.0879213,51.5974719],[-0.088612,51.5974827],[-0.0888624,51.5974809],[-0.0889418,51.5974841],[-0.0889132,51.5978103],[-0.088925,51.597901]]]]},"properties":{"borough":"haringey","felt_id":549}},{"type":"Feature","geometry":{"type":"MultiPolygon","coordinates":[[[[-0.0956274,51.5936632],[-0.095623,51.5936746],[-0.0958627,51.5938297],[-0.0959735,51.5939015],[-0.0962393,51.5940819],[-0.096247,51.5940775],[-0.0962745,51.594062],[-0.0966594,51.5938447],[-0.0967085,51.5938796],[-0.0964999,51.5939994],[-0.0964619,51.5940208],[-0.096291,51.5941169],[-0.0965839,51.5943135],[-0.0964574,51.5943811],[-0.0961601,51.5941895],[-0.0952094,51.5947345],[-0.0950389,51.5951715],[-0.0950555,51.5951759],[-0.0950257,51.5952053],[-0.0946563,51.596152],[-0.0946587,51.5961518],[-0.0950775,51.5961056],[-0.095111,51.5962614],[-0.0951361,51.596367],[-0.0951741,51.5965129],[-0.0952092,51.5966398],[-0.0952372,51.5967477],[-0.095273,51.5968562],[-0.0953316,51.596992],[-0.0953944,51.5971298],[-0.0954485,51.5972179],[-0.0956429,51.5975259],[-0.0958527,51.5975383],[-0.0958503,51.5977086],[-0.0958498,51.5978075],[-0.0950534,51.5978637],[-0.095085,51.598056],[-0.0948385,51.5980647],[-0.0946929,51.5980861],[-0.0945708,51.5980951],[-0.0943051,51.5981139],[-0.0941115,51.5981301],[-0.0937212,51.5981311],[-0.0933325,51.5980734],[-0.0932221,51.5980432],[-0.0929763,51.5979883],[-0.0928543,51.5979876],[-0.0927238,51.5979834],[-0.092365,51.5979605],[-0.0918805,51.5979453],[-0.0918642,51.5979347],[-0.0917063,51.5976066],[-0.0908488,51.5975876],[-0.0908457,51.5979481],[-0.0907176,51.5979447],[-0.0907162,51.5975932],[-0.0902014,51.5975619],[-0.0902112,51.5960863],[-0.090176,51.5955293],[-0.0901566,51.5951743],[-0.0901475,51.5950015],[-0.0900614,51.5941144],[-0.0899004,51.5926764],[-0.0898067,51.5918287],[-0.0897041,51.5909188],[-0.0897071,51.5908956],[-0.0900906,51.5908764],[-0.0900694,51.5907174],[-0.0902781,51.5907064],[-0.0928102,51.5906278],[-0.0928255,51.5907731],[-0.093006,51.5907514],[-0.093252,51.5907457],[-0.0932416,51.5908495],[-0.0932295,51.5910692],[-0.0937255,51.5910342],[-0.094199,51.5910129],[-0.0950571,51.5909717],[-0.0959808,51.590928],[-0.0971363,51.591414],[-0.0975629,51.5915817],[-0.0967649,51.5920416],[-0.0948696,51.5931439],[-0.0950107,51.5932552],[-0.0954628,51.5935654],[-0.095562,51.5935087],[-0.0956612,51.5935768],[-0.0959809,51.5933962],[-0.0960307,51.5934298],[-0.0956274,51.5936632]]]]},"properties":{"borough":"haringey","felt_id":550}},{"type":"Feature","geometry":{"type":"MultiPolygon","coordinates":[[[[-0.0889418,51.5974841],[-0.0893935,51.5975133],[-0.0898018,51.5975379],[-0.0900854,51.5975549],[-0.0907162,51.5975932],[-0.0907176,51.5979447],[-0.0908457,51.5979481],[-0.0908488,51.5975876],[-0.0917063,51.5976066],[-0.0918642,51.5979347],[-0.0920498,51.5981266],[-0.0920525,51.5987499],[-0.0919719,51.5998684],[-0.0917287,51.5998576],[-0.0913998,51.5998342],[-0.0914096,51.5996473],[-0.0910416,51.5996398],[-0.0910301,51.5998282],[-0.0908526,51.599824],[-0.0908661,51.5996511],[-0.0903085,51.5996345],[-0.090289,51.5998097],[-0.09011,51.5998066],[-0.0901289,51.5996326],[-0.0895593,51.5996203],[-0.089551,51.599793],[-0.089372,51.5997897],[-0.0893811,51.5996319],[-0.0891766,51.5996293],[-0.0891757,51.5996206],[-0.0890998,51.5996193],[-0.0891005,51.5995233],[-0.0890797,51.5995211],[-0.089104,51.5990863],[-0.0891238,51.5990732],[-0.0891351,51.598934],[-0.0891172,51.5989169],[-0.0891268,51.5987476],[-0.0891478,51.5987022],[-0.0890725,51.5986807],[-0.0888846,51.598681],[-0.088887,51.5985573],[-0.0888853,51.5985031],[-0.0888857,51.598423],[-0.088925,51.597901],[-0.0889132,51.5978103],[-0.0889418,51.5974841]]]]},"properties":{"borough":"haringey","felt_id":551}},{"type":"Feature","geometry":{"type":"MultiPolygon","coordinates":[[[[-0.1104166,51.6083389],[-0.1103865,51.6083354],[-0.1098921,51.6082624],[-0.1098896,51.608253],[-0.1098425,51.6082551],[-0.1097754,51.6082452],[-0.1093334,51.6082742],[-0.1077714,51.6082589],[-0.1072068,51.6082767],[-0.1071128,51.6082766],[-0.1070954,51.608279],[-0.1070846,51.6082806],[-0.1070549,51.6082815],[-0.1062768,51.6084187],[-0.1062519,51.608418],[-0.1059356,51.6084028],[-0.1059059,51.6083538],[-0.1057199,51.6083593],[-0.1057162,51.60836],[-0.1057099,51.6083601],[-0.105633,51.6083748],[-0.1052995,51.6084344],[-0.103936,51.608438],[-0.1035236,51.6084144],[-0.1034012,51.6083833],[-0.1033939,51.6083805],[-0.1032173,51.608296],[-0.1025461,51.6080443],[-0.1027575,51.6074159],[-0.1025097,51.6069044],[-0.1032042,51.6067653],[-0.1030903,51.6064604],[-0.1035774,51.6063599],[-0.1034751,51.605778],[-0.1036668,51.6049767],[-0.1036216,51.6045424],[-0.1038762,51.6035881],[-0.103758,51.6034649],[-0.1032742,51.6035205],[-0.103098,51.6033367],[-0.1035536,51.6031761],[-0.1038945,51.6029874],[-0.1041569,51.6027258],[-0.1037624,51.602438],[-0.1040144,51.6023096],[-0.1040347,51.6023261],[-0.1041776,51.6022574],[-0.1043786,51.6024214],[-0.1044595,51.602293],[-0.1047139,51.6024447],[-0.1051617,51.6019431],[-0.1052987,51.6018239],[-0.1054389,51.6019525],[-0.1055691,51.602064],[-0.105602,51.6021387],[-0.1056108,51.602258],[-0.1056077,51.6023681],[-0.1056231,51.6024318],[-0.1056858,51.6025196],[-0.1057892,51.6025921],[-0.1059139,51.6026437],[-0.1059919,51.6026257],[-0.1079124,51.6025056],[-0.1079675,51.6024997],[-0.1079614,51.6025446],[-0.1079614,51.6025448],[-0.1079719,51.6025956],[-0.1079781,51.6026216],[-0.1079904,51.6029571],[-0.1089052,51.6029413],[-0.1090361,51.6028472],[-0.1091758,51.6027694],[-0.1094813,51.6027334],[-0.1095463,51.602734],[-0.1096613,51.6027282],[-0.1097772,51.6027193],[-0.1098863,51.6027179],[-0.1099695,51.6027139],[-0.1100659,51.6027037],[-0.1103704,51.6026739],[-0.1105999,51.6026593],[-0.1107199,51.6026572],[-0.110984,51.6026587],[-0.1111857,51.6026548],[-0.1116079,51.6026242],[-0.1118302,51.6026202],[-0.1118941,51.6026272],[-0.1119912,51.6026424],[-0.1120036,51.6025903],[-0.1120467,51.6023506],[-0.1122439,51.6023429],[-0.1122265,51.6022276],[-0.1117406,51.6022572],[-0.1117234,51.6021481],[-0.1117229,51.6020227],[-0.1115782,51.6017596],[-0.1119524,51.6016868],[-0.1119038,51.6015846],[-0.1115308,51.6016591],[-0.111414,51.601499],[-0.1119203,51.6014074],[-0.1121131,51.6017459],[-0.1122601,51.6020988],[-0.1123142,51.602313],[-0.1122888,51.6024628],[-0.1122078,51.6026383],[-0.1121446,51.6027792],[-0.1119892,51.6030049],[-0.1119422,51.6032201],[-0.1119051,51.603469],[-0.1118753,51.6037636],[-0.1118312,51.6042622],[-0.1118317,51.6051155],[-0.1118178,51.6053058],[-0.1113794,51.6062463],[-0.1111185,51.6067682],[-0.1106548,51.6077852],[-0.1104174,51.6083369],[-0.1104166,51.6083389]]]]},"properties":{"borough":"haringey","felt_id":552}},{"type":"Feature","geometry":{"type":"MultiPolygon","coordinates":[[[[-0.1188951,51.6066963],[-0.1194865,51.606713],[-0.1196128,51.6065743],[-0.119596,51.6065448],[-0.1196893,51.6064361],[-0.1197362,51.6064378],[-0.1198801,51.6062823],[-0.119698,51.6062143],[-0.1195109,51.6062066],[-0.1195121,51.6061438],[-0.1194086,51.6061084],[-0.1193549,51.6060886],[-0.1192405,51.6060953],[-0.1191937,51.6060928],[-0.1192017,51.6060565],[-0.1190325,51.6060443],[-0.1190236,51.6060842],[-0.118856,51.6060703],[-0.1188773,51.6059901],[-0.1188277,51.6059853],[-0.1188371,51.6059495],[-0.1186804,51.6059339],[-0.118647,51.6060593],[-0.1184511,51.6060471],[-0.117558,51.6059941],[-0.1174859,51.6059903],[-0.1174775,51.6061232],[-0.1170772,51.6060952],[-0.1170705,51.6061376],[-0.1168916,51.6061308],[-0.1168937,51.6061157],[-0.116536,51.6060861],[-0.1165414,51.6060601],[-0.1163903,51.6060487],[-0.1164272,51.6058892],[-0.1164835,51.6055749],[-0.116531,51.6052835],[-0.1165745,51.6049829],[-0.1169219,51.6050312],[-0.1173858,51.605076],[-0.1176849,51.6051073],[-0.1176849,51.6051945],[-0.1177004,51.6052213],[-0.1176894,51.6052764],[-0.117768,51.6052799],[-0.117927,51.6052933],[-0.1181144,51.6053026],[-0.1181527,51.6053023],[-0.1182317,51.6053125],[-0.1184605,51.6053324],[-0.1188747,51.6053727],[-0.1190717,51.6053925],[-0.1190375,51.6052603],[-0.1196937,51.6052105],[-0.119997,51.6051921],[-0.1210007,51.6051157],[-0.1209642,51.6048861],[-0.121083,51.6048629],[-0.1210361,51.6046761],[-0.1215125,51.604629],[-0.1214398,51.6045231],[-0.1210647,51.6045603],[-0.1205765,51.6040072],[-0.120405,51.6037304],[-0.1208582,51.6036751],[-0.1207711,51.6035673],[-0.1203397,51.6036225],[-0.1203047,51.6034931],[-0.1202572,51.6034353],[-0.1200022,51.6029788],[-0.1199387,51.6027617],[-0.1202199,51.60273],[-0.1201207,51.6026203],[-0.1196503,51.6026738],[-0.1196387,51.6026239],[-0.119025,51.6024193],[-0.1193622,51.6021266],[-0.1195439,51.60198],[-0.1192709,51.6018539],[-0.1193853,51.6017538],[-0.1194794,51.6016737],[-0.1198325,51.6013899],[-0.1201022,51.60117],[-0.1202609,51.6010432],[-0.1202791,51.6010387],[-0.1204479,51.601167],[-0.1207024,51.6013799],[-0.1208789,51.601522],[-0.1210461,51.6016612],[-0.121204,51.601793],[-0.1213617,51.6018981],[-0.1215001,51.6020084],[-0.12159,51.6021815],[-0.1212032,51.6023978],[-0.1213866,51.6026936],[-0.120933,51.6028011],[-0.1209501,51.6028347],[-0.1213961,51.6027332],[-0.121769,51.6033426],[-0.1224608,51.6032825],[-0.1224883,51.6043238],[-0.1220013,51.6047541],[-0.1221319,51.604961],[-0.1223945,51.6050831],[-0.1225729,51.6049831],[-0.1227506,51.6048803],[-0.1230071,51.6047395],[-0.1232976,51.6045785],[-0.1231967,51.6044641],[-0.1231435,51.6044281],[-0.1232199,51.6043614],[-0.1231679,51.6043264],[-0.1232939,51.6042641],[-0.1234125,51.6041999],[-0.1238052,51.6039832],[-0.1239462,51.6039054],[-0.1240608,51.6038412],[-0.1241621,51.6037843],[-0.1243499,51.603679],[-0.1245296,51.6038545],[-0.1250164,51.6043078],[-0.1251695,51.6042441],[-0.1252265,51.6042734],[-0.1255644,51.6040792],[-0.1255732,51.6040756],[-0.1255821,51.6040721],[-0.125591,51.6040687],[-0.1256001,51.6040654],[-0.1256092,51.6040622],[-0.1256185,51.6040591],[-0.1256278,51.6040561],[-0.1256372,51.6040532],[-0.1256466,51.6040504],[-0.1256562,51.6040477],[-0.1256658,51.6040451],[-0.1256755,51.6040426],[-0.1256853,51.6040402],[-0.1256951,51.6040379],[-0.125705,51.6040357],[-0.1257149,51.6040337],[-0.125725,51.6040317],[-0.125735,51.6040298],[-0.1257451,51.6040281],[-0.1257553,51.6040265],[-0.1257655,51.6040249],[-0.1257757,51.6040235],[-0.125786,51.6040222],[-0.1260275,51.6038627],[-0.1264922,51.6035545],[-0.1265979,51.6036173],[-0.1267233,51.6035357],[-0.1269403,51.6036668],[-0.1270968,51.6035479],[-0.1272689,51.6036824],[-0.1276392,51.6039615],[-0.1277547,51.6040477],[-0.1278461,51.6041101],[-0.1278997,51.6041448],[-0.1278983,51.6041457],[-0.1283652,51.6038541],[-0.129272,51.6043735],[-0.1291734,51.6044379],[-0.1297864,51.6048208],[-0.1311613,51.6056692],[-0.1320185,51.606231],[-0.130818,51.6074372],[-0.1303956,51.6072701],[-0.1301554,51.6075052],[-0.1299081,51.6077203],[-0.1303587,51.6079057],[-0.1299347,51.6083389],[-0.1293665,51.608134],[-0.1290381,51.6084721],[-0.1286895,51.6083403],[-0.1282477,51.6088114],[-0.1278653,51.6086343],[-0.127572,51.60881],[-0.1274897,51.6088424],[-0.1267353,51.6093735],[-0.1264679,51.6093713],[-0.1263746,51.6093221],[-0.1263365,51.6093017],[-0.1258886,51.6095859],[-0.1259772,51.6096309],[-0.1259658,51.6096376],[-0.1259141,51.6096874],[-0.1253634,51.6100132],[-0.1249776,51.6099442],[-0.1250302,51.6099044],[-0.1250253,51.609899],[-0.125069,51.6098711],[-0.1246389,51.6096147],[-0.1245538,51.6095626],[-0.1241498,51.6093016],[-0.1242036,51.6092673],[-0.1241278,51.6092218],[-0.1240429,51.609174],[-0.1239588,51.609125],[-0.1239948,51.6091043],[-0.1240244,51.6090885],[-0.1240216,51.6090864],[-0.1240359,51.6090784],[-0.123973,51.6090318],[-0.1239225,51.6089933],[-0.123882,51.6089623],[-0.1238411,51.6089321],[-0.1238336,51.6089265],[-0.123813,51.6089073],[-0.1237551,51.608853],[-0.1237152,51.6088154],[-0.1236973,51.6088239],[-0.123643,51.6087759],[-0.1236138,51.608749],[-0.1235659,51.6087043],[-0.1235507,51.6086902],[-0.1235121,51.6086724],[-0.1234493,51.6086976],[-0.1233912,51.6087198],[-0.1233104,51.6087412],[-0.1232447,51.6087367],[-0.1231882,51.6087307],[-0.1231397,51.6087287],[-0.1231084,51.6087581],[-0.1230113,51.608748],[-0.1228641,51.608729],[-0.1227257,51.6087118],[-0.1225985,51.6086955],[-0.1224561,51.6086791],[-0.122369,51.6086683],[-0.1223408,51.6086651],[-0.1220331,51.6086251],[-0.1219996,51.6086248],[-0.1219257,51.6086195],[-0.1218488,51.6086204],[-0.1218102,51.6086203],[-0.1217719,51.608619],[-0.1215937,51.6086048],[-0.1215455,51.6085907],[-0.1214633,51.6085919],[-0.121433,51.6085912],[-0.121287,51.6085758],[-0.1212826,51.608585],[-0.1200949,51.6084756],[-0.1200935,51.6084754],[-0.1200904,51.6084752],[-0.1196681,51.6084363],[-0.1196603,51.6084352],[-0.1196476,51.6084344],[-0.1195282,51.6084234],[-0.1195192,51.6084215],[-0.119403,51.6083922],[-0.119343,51.6083749],[-0.1192747,51.6083635],[-0.119214,51.6083527],[-0.1192038,51.6083641],[-0.1192031,51.6083639],[-0.1187569,51.6086396],[-0.1186669,51.6085942],[-0.118643,51.6085874],[-0.1185479,51.6085525],[-0.1185184,51.6085419],[-0.1185074,51.6085379],[-0.1184973,51.6085343],[-0.1184777,51.6085272],[-0.1184429,51.6085147],[-0.1183658,51.6084868],[-0.1183253,51.6084721],[-0.1183107,51.6084668],[-0.1182317,51.608438],[-0.1182213,51.6084342],[-0.1181712,51.6084162],[-0.1180981,51.6083912],[-0.1180444,51.6083757],[-0.1180327,51.6083723],[-0.1180182,51.6083681],[-0.1179902,51.60836],[-0.1179734,51.6083552],[-0.1179572,51.6083501],[-0.117867,51.6083209],[-0.1177398,51.6082751],[-0.1177405,51.6082722],[-0.117495,51.6081871],[-0.1174424,51.6082421],[-0.1172793,51.6084264],[-0.1166621,51.608371],[-0.1163679,51.6083389],[-0.1159636,51.6083072],[-0.115956,51.6083065],[-0.1159208,51.6083027],[-0.1160395,51.6076846],[-0.1161302,51.6072198],[-0.1162413,51.6067363],[-0.1164092,51.606747],[-0.1164132,51.6067011],[-0.1167731,51.6067308],[-0.1167768,51.6067139],[-0.1169635,51.6067165],[-0.1169584,51.6067502],[-0.1174032,51.6067852],[-0.117481,51.6067905],[-0.1174825,51.6067699],[-0.118195,51.6068105],[-0.118275,51.6068154],[-0.1184422,51.6068226],[-0.1187638,51.6068372],[-0.1188951,51.6066963]]]]},"properties":{"borough":"haringey","felt_id":553}},{"type":"Feature","geometry":{"type":"MultiPolygon","coordinates":[[[[-0.1450212,51.5784912],[-0.1438132,51.5785964],[-0.1438223,51.5788049],[-0.1423502,51.5787634],[-0.1414764,51.5786836],[-0.1410993,51.5787142],[-0.1405349,51.5788771],[-0.1401184,51.5788669],[-0.1400137,51.578697],[-0.1382709,51.5791009],[-0.1378521,51.5782817],[-0.137774,51.5781393],[-0.1373712,51.57755],[-0.1405281,51.5768016],[-0.1404789,51.5767131],[-0.1410172,51.5766156],[-0.1408942,51.5763459],[-0.141028,51.5763295],[-0.1409534,51.5760165],[-0.1415628,51.5759716],[-0.1421534,51.5762383],[-0.142313,51.5765618],[-0.1424131,51.5766523],[-0.1428174,51.5768159],[-0.1431547,51.5767518],[-0.1434311,51.5764527],[-0.1440024,51.5764105],[-0.1442602,51.5765682],[-0.1443352,51.5767449],[-0.1442665,51.5772942],[-0.1461245,51.5780951],[-0.1458596,51.5782554],[-0.1450212,51.5784912]]]]},"properties":{"borough":"haringey","felt_id":554}},{"type":"Feature","geometry":{"type":"MultiPolygon","coordinates":[[[[-0.1514756,51.5909288],[-0.1511995,51.5909287],[-0.1510379,51.5909262],[-0.1508486,51.5909282],[-0.1506454,51.5909473],[-0.1505263,51.5909584],[-0.1500582,51.5910449],[-0.1499116,51.5910847],[-0.1490927,51.5912559],[-0.1490066,51.5912545],[-0.1451845,51.5894959],[-0.1456547,51.5891149],[-0.1452501,51.5888937],[-0.1452374,51.5888781],[-0.1449979,51.5889052],[-0.1434167,51.5880748],[-0.1436204,51.5878813],[-0.1451803,51.5868152],[-0.1471276,51.5867641],[-0.1470975,51.5869902],[-0.1476283,51.5869697],[-0.1477329,51.58802],[-0.148684,51.588123],[-0.1498627,51.5881194],[-0.1521294,51.5877501],[-0.1524111,51.5902094],[-0.152389,51.5907531],[-0.1525726,51.5907513],[-0.1525778,51.5909782],[-0.1517205,51.5909409],[-0.1514756,51.5909288]]]]},"properties":{"borough":"haringey","felt_id":555}},{"type":"Feature","geometry":{"type":"MultiPolygon","coordinates":[[[[-0.1630835,51.5827746],[-0.1630093,51.582898],[-0.1649159,51.5835408],[-0.164908,51.5835437],[-0.1650146,51.5835858],[-0.1650503,51.5835962],[-0.1649846,51.5836548],[-0.1646271,51.5839389],[-0.1644901,51.5839571],[-0.1644668,51.5839592],[-0.1643079,51.5839655],[-0.1640983,51.5840989],[-0.1638808,51.5842405],[-0.1638213,51.5842792],[-0.16381,51.5842863],[-0.163754,51.5843218],[-0.163702,51.5842972],[-0.1637006,51.5842976],[-0.1636956,51.5842944],[-0.1636825,51.5842987],[-0.1636525,51.5843078],[-0.1635621,51.5842595],[-0.1635394,51.5842309],[-0.1635263,51.5842149],[-0.1634759,51.5842317],[-0.1633844,51.5842617],[-0.1633167,51.5842768],[-0.1630924,51.5843614],[-0.1630377,51.5842698],[-0.16307,51.584255],[-0.1630063,51.584135],[-0.1628692,51.5840634],[-0.162757,51.5840001],[-0.1623942,51.5838014],[-0.1619098,51.5835327],[-0.161434,51.5832681],[-0.1609822,51.5830371],[-0.1611148,51.582594],[-0.1617303,51.5827044],[-0.1619247,51.5822511],[-0.162517,51.5823629],[-0.1625292,51.5823347],[-0.1627081,51.5823725],[-0.1626909,51.5823989],[-0.1631395,51.5824976],[-0.1632389,51.5825203],[-0.1630835,51.5827746]]]]},"properties":{"borough":"haringey","felt_id":556}},{"type":"Feature","geometry":{"type":"MultiPolygon","coordinates":[[[[-0.0954628,51.5935654],[-0.0950423,51.5932768],[-0.0950107,51.5932552],[-0.0949503,51.5932075],[-0.0948696,51.5931439],[-0.0949685,51.5930864],[-0.0967649,51.5920416],[-0.0975629,51.5915817],[-0.0971363,51.591414],[-0.0962274,51.5910317],[-0.0959808,51.590928],[-0.0950571,51.5909717],[-0.094199,51.5910129],[-0.0937255,51.5910342],[-0.0937255,51.5910342],[-0.0933582,51.5910601],[-0.0932295,51.5910692],[-0.0932416,51.5908495],[-0.0932519,51.5907471],[-0.093252,51.5907457],[-0.093252,51.5907457],[-0.093006,51.5907514],[-0.0928255,51.5907731],[-0.0928102,51.5906278],[-0.0928013,51.5905331],[-0.0927648,51.5901499],[-0.0927111,51.5896346],[-0.0927124,51.5894172],[-0.0927029,51.5893045],[-0.092773,51.5890936],[-0.0929216,51.5889144],[-0.0927026,51.5888316],[-0.092648,51.5888092],[-0.0931046,51.5884145],[-0.0927998,51.5882297],[-0.0925503,51.5880816],[-0.0923353,51.5879459],[-0.0920064,51.5877462],[-0.0917221,51.587573],[-0.0911862,51.5872455],[-0.0912243,51.5872306],[-0.0910164,51.587025],[-0.0908226,51.5868507],[-0.0910352,51.5867827],[-0.0912391,51.5867158],[-0.0911208,51.5865242],[-0.0910399,51.586327],[-0.0909982,51.5862548],[-0.0909716,51.5862027],[-0.0912043,51.5861747],[-0.0912315,51.5862874],[-0.0912877,51.5862804],[-0.0913158,51.5864312],[-0.091357,51.5865111],[-0.091566,51.586492],[-0.0918697,51.5864633],[-0.0921068,51.5864117],[-0.0925357,51.5863399],[-0.0925706,51.5864287],[-0.092601,51.5864245],[-0.0931656,51.5864058],[-0.0934301,51.5863934],[-0.0937697,51.5863804],[-0.0937654,51.5862038],[-0.0943685,51.5861892],[-0.0943747,51.5861692],[-0.0944239,51.5860612],[-0.0949603,51.5862264],[-0.095741,51.5864982],[-0.0961908,51.5866559],[-0.0967177,51.5867898],[-0.0972626,51.5869212],[-0.0973727,51.5869634],[-0.0975898,51.5866277],[-0.0975212,51.5862314],[-0.0972781,51.5852524],[-0.0967175,51.5852933],[-0.096865,51.5851271],[-0.0973042,51.5850409],[-0.0972758,51.5849963],[-0.0977019,51.5848308],[-0.0975689,51.5845347],[-0.097513,51.5844217],[-0.0974965,51.5843872],[-0.0976491,51.5843303],[-0.097796,51.5842754],[-0.0978435,51.5840527],[-0.0978666,51.583961],[-0.0979794,51.5839753],[-0.0982096,51.5840043],[-0.0984143,51.5840302],[-0.0985855,51.5836916],[-0.0987423,51.5837342],[-0.098734,51.5836915],[-0.0990202,51.583679],[-0.0990718,51.5835955],[-0.0994846,51.583572],[-0.099535,51.5838416],[-0.1001537,51.5838208],[-0.1005912,51.583784],[-0.1028122,51.5835792],[-0.1054856,51.5833259],[-0.1055533,51.5835326],[-0.1061697,51.5834425],[-0.1067725,51.5833447],[-0.1072831,51.584181],[-0.1085327,51.5861336],[-0.1091755,51.5870572],[-0.109691,51.5869701],[-0.1098,51.5869532],[-0.1100811,51.5869064],[-0.1101495,51.5869103],[-0.111104,51.586733],[-0.1118554,51.5875692],[-0.1119737,51.5878031],[-0.112332,51.5882465],[-0.1176473,51.5952472],[-0.1187531,51.5965155],[-0.1206584,51.5986999],[-0.1213275,51.5994515],[-0.1206622,51.599615],[-0.1192794,51.6001073],[-0.120262,51.6010424],[-0.1201022,51.60117],[-0.1198325,51.6013899],[-0.1194482,51.6016987],[-0.1192709,51.6018539],[-0.1195439,51.60198],[-0.1193622,51.6021266],[-0.1191429,51.602317],[-0.1186968,51.60227],[-0.1184356,51.602267],[-0.1184315,51.6023667],[-0.1179839,51.6024164],[-0.1176909,51.6024481],[-0.1174184,51.6024775],[-0.1173073,51.6024896],[-0.117168,51.602504],[-0.1169643,51.6025242],[-0.1169637,51.6024873],[-0.1169684,51.6020772],[-0.116958,51.6019787],[-0.1170657,51.6012947],[-0.1168266,51.6012288],[-0.1167787,51.6014641],[-0.1167473,51.6016453],[-0.1159474,51.601694],[-0.1158902,51.6013496],[-0.1154111,51.6013932],[-0.1153391,51.6013959],[-0.1153356,51.6014257],[-0.1149637,51.6014063],[-0.1146218,51.6013857],[-0.1143135,51.6013645],[-0.1139808,51.6013464],[-0.1136872,51.601329],[-0.1134165,51.6013152],[-0.113251,51.6012827],[-0.113269,51.6011049],[-0.1128417,51.6011159],[-0.1126782,51.6011079],[-0.1125751,51.6011335],[-0.1125731,51.6010848],[-0.1123853,51.6010843],[-0.1123339,51.6009966],[-0.1120373,51.601033],[-0.1120572,51.6011713],[-0.1118331,51.6012007],[-0.1119203,51.6014074],[-0.111414,51.601499],[-0.1115308,51.6016591],[-0.1119037,51.6015846],[-0.1119049,51.6015869],[-0.1119524,51.6016868],[-0.1115782,51.6017596],[-0.1117229,51.6020227],[-0.1117234,51.6021481],[-0.1117406,51.6022572],[-0.1122265,51.6022276],[-0.1122439,51.6023429],[-0.1120467,51.6023506],[-0.1120036,51.6025903],[-0.1119972,51.6026172],[-0.1116079,51.6026242],[-0.1111857,51.6026548],[-0.110984,51.6026587],[-0.1106406,51.6026567],[-0.1103704,51.6026739],[-0.1100659,51.6027037],[-0.1099695,51.6027139],[-0.1098863,51.6027179],[-0.1097772,51.6027193],[-0.1096613,51.6027282],[-0.1095463,51.602734],[-0.1094813,51.6027334],[-0.1091382,51.6027739],[-0.1089052,51.6029413],[-0.1079904,51.6029571],[-0.1079781,51.6026216],[-0.1079719,51.6025956],[-0.1079614,51.6025448],[-0.1079614,51.6025446],[-0.1079675,51.6024997],[-0.1079124,51.6025056],[-0.1059919,51.6026257],[-0.1059139,51.6026437],[-0.1057892,51.6025921],[-0.1056858,51.6025196],[-0.1056231,51.6024318],[-0.1056077,51.6023681],[-0.1056108,51.602258],[-0.105602,51.6021387],[-0.1055691,51.602064],[-0.1054389,51.6019525],[-0.1052987,51.6018239],[-0.1051617,51.6019431],[-0.1047139,51.6024447],[-0.1044595,51.602293],[-0.1043786,51.6024214],[-0.1041776,51.6022574],[-0.1040347,51.6023261],[-0.1040144,51.6023096],[-0.1037624,51.602438],[-0.1027232,51.6016284],[-0.1024038,51.6017838],[-0.1022845,51.6018428],[-0.1021883,51.6018902],[-0.1020662,51.6019526],[-0.1019871,51.6019921],[-0.1018833,51.6020449],[-0.1018169,51.6020785],[-0.1017329,51.6021185],[-0.1016357,51.6021646],[-0.101565,51.602198],[-0.1015031,51.6022272],[-0.101467,51.6022441],[-0.1015977,51.6023474],[-0.1007004,51.6026894],[-0.1002668,51.602856],[-0.1001269,51.6029032],[-0.0999946,51.6029406],[-0.0999,51.6029579],[-0.0997962,51.6029715],[-0.0996537,51.6029778],[-0.0994997,51.6029667],[-0.0993026,51.6029492],[-0.0992342,51.6029256],[-0.0991733,51.6028981],[-0.0990272,51.6028175],[-0.09892,51.6027388],[-0.0987627,51.6026149],[-0.0985508,51.6024505],[-0.0983866,51.602321],[-0.0982474,51.6022136],[-0.0977765,51.6025459],[-0.0973388,51.6028764],[-0.0973475,51.6033772],[-0.0973596,51.6038475],[-0.0973005,51.6038482],[-0.0973376,51.6047954],[-0.0965162,51.6047821],[-0.0964753,51.6042405],[-0.0964934,51.6041696],[-0.0964856,51.6039754],[-0.0965006,51.6036753],[-0.0966248,51.6036697],[-0.0966226,51.6034767],[-0.0964594,51.6034813],[-0.096451,51.6030086],[-0.096442,51.6027643],[-0.0961915,51.6027603],[-0.0961871,51.6027746],[-0.0961499,51.602774],[-0.0961469,51.6027863],[-0.0961088,51.6027819],[-0.0961114,51.6027716],[-0.0960682,51.6027673],[-0.096065,51.6027775],[-0.0960297,51.6027738],[-0.0960309,51.602764],[-0.0959953,51.6027634],[-0.096038,51.6025607],[-0.0964941,51.6026059],[-0.0965229,51.602548],[-0.0971216,51.6021477],[-0.0975512,51.6018386],[-0.0976034,51.60166],[-0.0976711,51.6014385],[-0.0979068,51.6014663],[-0.0979315,51.6013919],[-0.0980695,51.6012839],[-0.0980599,51.6012786],[-0.0981761,51.6011891],[-0.0983623,51.6010541],[-0.098633,51.600861],[-0.0987526,51.6007322],[-0.0988022,51.6006858],[-0.0989155,51.600599],[-0.0993248,51.6007225],[-0.0995452,51.6005629],[-0.100128,51.6001434],[-0.1007964,51.5996637],[-0.1008298,51.5996486],[-0.1007579,51.5995717],[-0.1007188,51.5995634],[-0.1006821,51.5994474],[-0.100458,51.5994853],[-0.1002405,51.5995157],[-0.0999811,51.5995442],[-0.0998136,51.5995403],[-0.0996919,51.5995257],[-0.0995497,51.5994939],[-0.0993586,51.599437],[-0.0991018,51.5993422],[-0.0988319,51.5992408],[-0.0987668,51.5992122],[-0.0985708,51.5991426],[-0.0985576,51.5991257],[-0.0984431,51.5990847],[-0.0982134,51.5990014],[-0.0980754,51.5989515],[-0.0977866,51.5988488],[-0.0975888,51.5987781],[-0.0973597,51.5986971],[-0.0972083,51.5986398],[-0.0969594,51.5985508],[-0.0965956,51.5984284],[-0.0963275,51.5983314],[-0.0959615,51.5981906],[-0.0958479,51.5981465],[-0.09572,51.5981025],[-0.09559,51.5980644],[-0.0954447,51.5980334],[-0.0950815,51.5980347],[-0.0950613,51.5979119],[-0.0950534,51.5978637],[-0.0957247,51.5978163],[-0.0958498,51.5978075],[-0.0958503,51.5977086],[-0.0958509,51.5976669],[-0.0958527,51.5975383],[-0.0957478,51.5975321],[-0.0956429,51.5975259],[-0.0956369,51.5975164],[-0.0954485,51.5972179],[-0.0953948,51.5971304],[-0.0953944,51.5971298],[-0.0953918,51.5971239],[-0.0953316,51.596992],[-0.0952835,51.5968805],[-0.095273,51.5968562],[-0.0952372,51.5967477],[-0.0952293,51.5967174],[-0.0952092,51.5966398],[-0.0951892,51.5965676],[-0.0951741,51.5965129],[-0.0951361,51.596367],[-0.095111,51.5962614],[-0.0950775,51.5961056],[-0.0950217,51.5961118],[-0.0949844,51.5961159],[-0.0946587,51.5961518],[-0.0946563,51.596152],[-0.0950275,51.5952035],[-0.0950555,51.5951759],[-0.0950399,51.5951717],[-0.0952115,51.5947333],[-0.0961601,51.5941895],[-0.0964574,51.5943811],[-0.0965839,51.5943135],[-0.096291,51.5941169],[-0.0964619,51.5940208],[-0.0964999,51.5939994],[-0.0967085,51.5938796],[-0.0966594,51.5938447],[-0.0962745,51.594062],[-0.096247,51.5940775],[-0.0962393,51.5940819],[-0.0959735,51.5939015],[-0.0958627,51.5938297],[-0.0956252,51.593676],[-0.0956311,51.5936611],[-0.0960307,51.5934298],[-0.0959809,51.5933962],[-0.0956614,51.5935766],[-0.095562,51.5935087],[-0.0954628,51.5935654]]]]},"properties":{"borough":"haringey","felt_id":557}},{"type":"Feature","geometry":{"type":"MultiPolygon","coordinates":[[[[-0.1272935,51.5981192],[-0.12749,51.5981302],[-0.1274978,51.5982762],[-0.1274582,51.5983098],[-0.1275345,51.5984756],[-0.1275862,51.5985852],[-0.1277838,51.5985537],[-0.1279076,51.5985614],[-0.1279653,51.5986713],[-0.1278438,51.5986572],[-0.1276413,51.5987021],[-0.1277424,51.5989128],[-0.1275819,51.5989709],[-0.1274617,51.5987145],[-0.1268724,51.5988085],[-0.1268343,51.5987337],[-0.124792,51.5990977],[-0.1248269,51.5991967],[-0.1245925,51.599379],[-0.1247412,51.5994732],[-0.1249354,51.5995332],[-0.1251668,51.5995164],[-0.1252916,51.5997814],[-0.1258838,51.5996726],[-0.1260012,51.5998013],[-0.1261459,51.5999709],[-0.1262973,51.6001675],[-0.1264305,51.6003711],[-0.126493,51.6004827],[-0.126516,51.6005208],[-0.1266354,51.600725],[-0.1266502,51.6007509],[-0.1267234,51.6009198],[-0.1267501,51.6009724],[-0.1267938,51.6010333],[-0.1268279,51.6010993],[-0.1269086,51.6012779],[-0.126428,51.6013917],[-0.1264416,51.6014363],[-0.1264136,51.6014447],[-0.126451,51.6016533],[-0.1264535,51.601827],[-0.1266645,51.601955],[-0.1268231,51.6020063],[-0.1268268,51.6021093],[-0.1265005,51.6022671],[-0.1258526,51.6017467],[-0.1258837,51.6017312],[-0.1253502,51.6012717],[-0.1252768,51.6012285],[-0.1251462,51.6012089],[-0.125017,51.6011547],[-0.1249666,51.6011165],[-0.1249263,51.6010615],[-0.1247806,51.6007076],[-0.1245759,51.6004017],[-0.1239855,51.5999404],[-0.1232907,51.5995993],[-0.1232668,51.5995728],[-0.1220201,51.598971],[-0.1219272,51.5988038],[-0.1218812,51.5988113],[-0.1212616,51.599071],[-0.120926,51.5990435],[-0.1216692,51.5987541],[-0.121728,51.5986872],[-0.1217406,51.5986003],[-0.1211881,51.5978872],[-0.121109,51.5977762],[-0.1210453,51.5976677],[-0.120968,51.5975075],[-0.1207416,51.59727],[-0.1203634,51.5974406],[-0.1200397,51.5970977],[-0.120246,51.5969958],[-0.1207497,51.5969297],[-0.1209789,51.596852],[-0.1211455,51.5970134],[-0.1213457,51.596876],[-0.1216163,51.5969498],[-0.1212089,51.5972612],[-0.1212305,51.5972993],[-0.1215582,51.597239],[-0.1229534,51.5972373],[-0.1237962,51.5972574],[-0.1249425,51.5973157],[-0.1262762,51.5974141],[-0.1271324,51.5975048],[-0.1274033,51.5975457],[-0.1274033,51.5975457],[-0.1272935,51.5981192]]]]},"properties":{"borough":"haringey","felt_id":558}},{"type":"Feature","geometry":{"type":"MultiPolygon","coordinates":[[[[-0.1014582,51.575045],[-0.1016534,51.5750251],[-0.1029794,51.5744365],[-0.1044731,51.5740327],[-0.1045273,51.5739608],[-0.1046537,51.5739082],[-0.1048437,51.5739113],[-0.1047504,51.5754127],[-0.098842,51.5769949],[-0.0988055,51.5768434],[-0.0992164,51.576739],[-0.0990644,51.5764599],[-0.098741,51.5765359],[-0.0987162,51.5764384],[-0.0991513,51.5763352],[-0.0990317,51.5761151],[-0.0989239,51.5755041],[-0.0986533,51.5755466],[-0.0986383,51.5754462],[-0.0986708,51.5754369],[-0.0986854,51.5754371],[-0.1014582,51.575045]]]]},"properties":{"borough":"haringey","felt_id":559}},{"type":"Feature","geometry":{"type":"MultiPolygon","coordinates":[[[[-0.0827692,51.5887755],[-0.0827691,51.5887755],[-0.0827692,51.5887755],[-0.0827692,51.5887755]]],[[[-0.0834708,51.5885162],[-0.0836389,51.5884931],[-0.0836928,51.5886685],[-0.0840731,51.5886032],[-0.0840799,51.5886307],[-0.0844532,51.5885249],[-0.0844367,51.5884864],[-0.0845058,51.5884736],[-0.0844421,51.5883201],[-0.0845732,51.5882532],[-0.0846198,51.5883512],[-0.0850826,51.5882501],[-0.0862865,51.5877088],[-0.0860858,51.5874129],[-0.0862118,51.5873753],[-0.0863659,51.5875975],[-0.0868822,51.5874553],[-0.0867437,51.5872806],[-0.0869768,51.5872235],[-0.0868449,51.5870037],[-0.0874016,51.5868271],[-0.08743,51.5868199],[-0.087772,51.5867509],[-0.0878147,51.5868523],[-0.0879132,51.5870863],[-0.0879553,51.5872863],[-0.0880059,51.5875167],[-0.0880575,51.5876727],[-0.0880513,51.5877517],[-0.0880157,51.5877574],[-0.0880232,51.5878192],[-0.0880461,51.587945],[-0.0880771,51.5880664],[-0.0880666,51.588332],[-0.0880417,51.5886],[-0.0880305,51.5888574],[-0.0880307,51.5889807],[-0.0879226,51.5891481],[-0.0878928,51.5891888],[-0.0877785,51.5891787],[-0.0875217,51.5891567],[-0.0874028,51.5891593],[-0.0872114,51.5892543],[-0.0871402,51.5893866],[-0.0870403,51.5894919],[-0.0867844,51.5896492],[-0.0865173,51.5897074],[-0.0864343,51.5897112],[-0.0861935,51.5896917],[-0.0859935,51.5897181],[-0.0858341,51.589809],[-0.086973,51.5904661],[-0.0870943,51.5905849],[-0.0872331,51.5907785],[-0.0873348,51.5908478],[-0.087557,51.5909025],[-0.0888237,51.5908381],[-0.0894504,51.5908062],[-0.0894661,51.5909316],[-0.0886595,51.5909737],[-0.0888058,51.5923542],[-0.0844033,51.5924888],[-0.084168,51.5925919],[-0.0841757,51.593167],[-0.0845724,51.5960096],[-0.0847217,51.5971814],[-0.0847467,51.5973719],[-0.0847494,51.5974079],[-0.084647,51.5974105],[-0.0846924,51.5977773],[-0.0845077,51.5977796],[-0.0844641,51.5974173],[-0.0843814,51.5974181],[-0.0843886,51.5974688],[-0.0843067,51.5974713],[-0.0843063,51.5974651],[-0.0842159,51.5974675],[-0.0842156,51.5974644],[-0.0840527,51.5974669],[-0.084037,51.5974635],[-0.0839553,51.5974653],[-0.0839569,51.5974741],[-0.083777,51.5974789],[-0.0837771,51.5974704],[-0.0836031,51.5974742],[-0.0836222,51.5978008],[-0.083554,51.597803],[-0.0835077,51.5974779],[-0.0831526,51.5974946],[-0.0831525,51.5975007],[-0.0830594,51.5975062],[-0.083054,51.5974596],[-0.0829629,51.5974639],[-0.0827888,51.5974721],[-0.0827445,51.5974741],[-0.0827302,51.5973929],[-0.0825794,51.5974018],[-0.0825824,51.5974265],[-0.0823663,51.5974415],[-0.0824401,51.5978851],[-0.0823495,51.5978833],[-0.0823046,51.5976161],[-0.0820034,51.5976356],[-0.0820378,51.5978385],[-0.0820419,51.5978616],[-0.0820499,51.5979068],[-0.081505,51.5979368],[-0.0814863,51.5978138],[-0.0814385,51.5976694],[-0.0811523,51.5976881],[-0.0812029,51.597954],[-0.0811093,51.5979598],[-0.0810394,51.597566],[-0.0808848,51.5975765],[-0.0808591,51.5975789],[-0.0808461,51.5975787],[-0.0807684,51.5975849],[-0.080683,51.5975916],[-0.0805897,51.5975997],[-0.0805051,51.5976069],[-0.0804149,51.5976137],[-0.0803344,51.5976216],[-0.0801343,51.5976471],[-0.0799695,51.5976699],[-0.0798029,51.5976977],[-0.0795005,51.5977561],[-0.0795314,51.5980842],[-0.079461,51.5980923],[-0.0794404,51.5978874],[-0.0791614,51.597905],[-0.0791589,51.5979139],[-0.0791085,51.5979172],[-0.0791273,51.5980239],[-0.079074,51.5980284],[-0.0790516,51.5978921],[-0.0789175,51.5971692],[-0.0790203,51.5971623],[-0.0788942,51.597077],[-0.078824,51.5969901],[-0.078841,51.5968946],[-0.0790751,51.5965315],[-0.0790912,51.5964154],[-0.0790238,51.5961908],[-0.0790304,51.5961506],[-0.0790978,51.5960981],[-0.0790889,51.5959648],[-0.0787748,51.595982],[-0.0787646,51.5957639],[-0.0786945,51.5957633],[-0.0786902,51.5956508],[-0.078922,51.5956518],[-0.0789142,51.595399],[-0.0790587,51.5953969],[-0.0790399,51.5951548],[-0.0786739,51.5951624],[-0.0786551,51.5950467],[-0.0790363,51.5950393],[-0.0790279,51.594775],[-0.0789862,51.5942482],[-0.0790213,51.5941234],[-0.0789613,51.5937694],[-0.078594,51.5938077],[-0.0785546,51.5936991],[-0.0789738,51.5936289],[-0.0789153,51.592449],[-0.0785852,51.5924438],[-0.0785961,51.5923305],[-0.0790331,51.5923075],[-0.0790257,51.5920214],[-0.0790057,51.591118],[-0.0790737,51.5910726],[-0.0791446,51.591007],[-0.079076,51.5908634],[-0.0791267,51.5908116],[-0.0797127,51.5907351],[-0.0794148,51.5898271],[-0.0793159,51.5895231],[-0.0791519,51.5895425],[-0.0791068,51.5893965],[-0.0790934,51.5893541],[-0.0789892,51.5893661],[-0.0789627,51.5892812],[-0.0790676,51.5892655],[-0.0791263,51.589258],[-0.0795119,51.5892233],[-0.0796339,51.5892212],[-0.0798018,51.5891683],[-0.0799203,51.5891392],[-0.0803685,51.589007],[-0.080514,51.5889725],[-0.0806733,51.5889223],[-0.0807057,51.58902],[-0.0807377,51.5890136],[-0.0808053,51.5890084],[-0.0808227,51.5890509],[-0.0808803,51.5890384],[-0.0808764,51.589024],[-0.0810904,51.5889838],[-0.0814741,51.5889402],[-0.0815159,51.5889319],[-0.0814654,51.5887726],[-0.0816413,51.5887474],[-0.08169,51.5889005],[-0.082242,51.5888394],[-0.0824711,51.5888162],[-0.0824269,51.5886829],[-0.082551,51.5886597],[-0.0826051,51.5887962],[-0.0826284,51.5888551],[-0.0826538,51.5888513],[-0.0827857,51.5888353],[-0.0827692,51.5887755],[-0.0831311,51.5887252],[-0.0830779,51.588582],[-0.0834708,51.5885162]]]]},"properties":{"borough":"haringey","felt_id":560}},{"type":"Feature","geometry":{"type":"MultiPolygon","coordinates":[[[[-0.1118312,51.6042622],[-0.1118753,51.6037636],[-0.1119051,51.603469],[-0.1119422,51.6032201],[-0.1119892,51.6030049],[-0.1121446,51.6027792],[-0.1122078,51.6026383],[-0.1122888,51.6024628],[-0.1123142,51.602313],[-0.1122601,51.6020988],[-0.1121131,51.6017459],[-0.1118331,51.6012007],[-0.1120572,51.6011713],[-0.1120373,51.601033],[-0.1122674,51.6010048],[-0.1123426,51.6010115],[-0.1123853,51.6010843],[-0.1125731,51.6010848],[-0.1125751,51.6011335],[-0.1126782,51.6011079],[-0.1128417,51.6011159],[-0.113269,51.6011049],[-0.113251,51.6012827],[-0.1134165,51.6013152],[-0.1136872,51.601329],[-0.1139808,51.6013464],[-0.1143135,51.6013645],[-0.1146218,51.6013857],[-0.1149637,51.6014063],[-0.1153356,51.6014257],[-0.1153391,51.6013959],[-0.1154111,51.6013932],[-0.1158902,51.6013496],[-0.1159474,51.601694],[-0.1167473,51.6016453],[-0.1167787,51.6014641],[-0.1168266,51.6012288],[-0.1170657,51.6012947],[-0.116958,51.6019787],[-0.1169684,51.6020772],[-0.1169637,51.6024873],[-0.1169643,51.6025242],[-0.117168,51.602504],[-0.1173073,51.6024896],[-0.1173606,51.6024838],[-0.1174327,51.6024759],[-0.1176909,51.6024481],[-0.1179839,51.6024164],[-0.1182705,51.6023846],[-0.1184315,51.6023669],[-0.118435,51.602282],[-0.1184955,51.6022677],[-0.1186968,51.60227],[-0.1191429,51.602317],[-0.119025,51.6024193],[-0.1196387,51.6026239],[-0.1196503,51.6026738],[-0.1201207,51.6026203],[-0.1202199,51.60273],[-0.1199387,51.6027617],[-0.1200022,51.6029788],[-0.1202572,51.6034353],[-0.1203047,51.6034931],[-0.1203397,51.6036225],[-0.1207711,51.6035673],[-0.1208582,51.6036751],[-0.120405,51.6037304],[-0.1205765,51.6040072],[-0.1210647,51.6045603],[-0.1214398,51.6045231],[-0.1215125,51.604629],[-0.1210361,51.6046761],[-0.121083,51.6048629],[-0.1209642,51.6048861],[-0.1210007,51.6051157],[-0.119997,51.6051921],[-0.1196937,51.6052105],[-0.1190375,51.6052603],[-0.1190717,51.6053925],[-0.1188747,51.6053727],[-0.1184605,51.6053324],[-0.1182317,51.6053125],[-0.1181527,51.6053023],[-0.1181144,51.6053026],[-0.117927,51.6052933],[-0.117768,51.6052799],[-0.1176894,51.6052764],[-0.1177004,51.6052213],[-0.1176849,51.6051945],[-0.1176849,51.6051073],[-0.1173858,51.605076],[-0.1169219,51.6050312],[-0.1165745,51.6049829],[-0.116531,51.6052835],[-0.1164835,51.6055749],[-0.1164272,51.6058892],[-0.1163903,51.6060487],[-0.1162384,51.6067487],[-0.1161302,51.6072198],[-0.1160395,51.6076846],[-0.1159208,51.6083027],[-0.1159071,51.6083012],[-0.1159113,51.6083572],[-0.1159015,51.6084021],[-0.1146862,51.6084217],[-0.1143666,51.6083657],[-0.1143362,51.6083632],[-0.114309,51.6083556],[-0.1142366,51.6083549],[-0.1138546,51.6083233],[-0.1138513,51.6083509],[-0.1138499,51.6083509],[-0.1138384,51.6083507],[-0.1138379,51.608387],[-0.1108763,51.6084739],[-0.110872,51.608489],[-0.1108364,51.6085803],[-0.1108271,51.6086036],[-0.1104555,51.6085511],[-0.1104677,51.6085222],[-0.1104711,51.6085142],[-0.1105421,51.6083584],[-0.11044,51.6083433],[-0.1104247,51.6083398],[-0.1104166,51.6083389],[-0.1106227,51.6078556],[-0.1111185,51.6067682],[-0.1113794,51.6062463],[-0.1118035,51.6053017],[-0.1118317,51.6051155],[-0.1118312,51.6042622]]]]},"properties":{"borough":"haringey","felt_id":561}},{"type":"Feature","geometry":{"type":"MultiPolygon","coordinates":[[[[-0.1189876,51.5832982],[-0.1190958,51.583352],[-0.11883,51.5835479],[-0.1192947,51.5837959],[-0.1190858,51.5839791],[-0.1190605,51.5841361],[-0.1188633,51.5844557],[-0.1200463,51.5845588],[-0.1200539,51.5845169],[-0.120108,51.5844096],[-0.1202012,51.5842677],[-0.1207736,51.5843695],[-0.1211124,51.5844172],[-0.121252,51.5844266],[-0.1215147,51.58446],[-0.1223291,51.5845409],[-0.1222618,51.5847772],[-0.1229017,51.5848232],[-0.1230634,51.5846009],[-0.1232539,51.5846102],[-0.1232401,51.5846328],[-0.123319,51.5846921],[-0.1235356,51.5847659],[-0.1240222,51.5849503],[-0.1245278,51.585118],[-0.1246873,51.5851699],[-0.1246363,51.5857203],[-0.1244693,51.5857275],[-0.1244569,51.5857467],[-0.1246672,51.5863894],[-0.1246984,51.5863849],[-0.124705,51.5864008],[-0.1247929,51.5863878],[-0.1248379,51.5863813],[-0.1249321,51.5866355],[-0.1253216,51.5866206],[-0.1253118,51.5868603],[-0.1246481,51.5868895],[-0.1242354,51.5869193],[-0.1238702,51.5869719],[-0.1235555,51.5870069],[-0.1231317,51.5871023],[-0.1227809,51.5871501],[-0.1220566,51.5871542],[-0.1218715,51.5871541],[-0.1217411,51.5871628],[-0.1216758,51.587169],[-0.1215923,51.5871792],[-0.1215104,51.5871909],[-0.1213824,51.5872127],[-0.1213249,51.5872239],[-0.1209531,51.5873146],[-0.1203549,51.5874491],[-0.1200571,51.5875134],[-0.1196934,51.5875651],[-0.1196824,51.5877813],[-0.1194118,51.5878175],[-0.1194231,51.5878517],[-0.1193049,51.587866],[-0.1192817,51.5877867],[-0.1191595,51.5877998],[-0.119112,51.5877973],[-0.1186588,51.5878867],[-0.1186508,51.5878704],[-0.1185079,51.5878913],[-0.1184702,51.5878354],[-0.1183167,51.5878497],[-0.1183396,51.5879896],[-0.1182016,51.5880063],[-0.1181908,51.5879618],[-0.1181214,51.5879691],[-0.118115,51.587945],[-0.1180918,51.5879473],[-0.1181171,51.588054],[-0.1179865,51.5880688],[-0.1179866,51.5880621],[-0.1177957,51.5880738],[-0.1177857,51.5881249],[-0.1177154,51.5881273],[-0.1177165,51.58814],[-0.1176505,51.588147],[-0.1176567,51.5881898],[-0.1176051,51.5881905],[-0.1176092,51.5882126],[-0.1175016,51.58822],[-0.1175092,51.5882702],[-0.117386,51.5882781],[-0.1173743,51.5882233],[-0.1173664,51.5881834],[-0.1173603,51.5881402],[-0.116982,51.5882015],[-0.1169767,51.5881906],[-0.1169527,51.5881943],[-0.1169429,51.5881707],[-0.1166595,51.5881999],[-0.1166408,51.5881623],[-0.1164844,51.588243],[-0.1164903,51.5882573],[-0.1162527,51.5882903],[-0.1162213,51.5882352],[-0.1162004,51.5882085],[-0.1161188,51.5882173],[-0.1158234,51.5882586],[-0.1158174,51.5882449],[-0.1156421,51.5882675],[-0.115639,51.5882584],[-0.1155849,51.588265],[-0.1155568,51.5882996],[-0.1155817,51.5884308],[-0.1152847,51.5884733],[-0.1151781,51.5884846],[-0.1151767,51.5882802],[-0.1151845,51.5879986],[-0.1151111,51.5879413],[-0.1149713,51.5879183],[-0.1148485,51.587941],[-0.1146833,51.5879622],[-0.1146033,51.5879724],[-0.1145204,51.587985],[-0.1144108,51.5879975],[-0.1142863,51.5881798],[-0.1142652,51.5881966],[-0.1141851,51.5881999],[-0.1141421,51.5882305],[-0.1139708,51.5882263],[-0.1138739,51.5881511],[-0.1138379,51.5881155],[-0.1138359,51.5880934],[-0.1137501,51.5880911],[-0.1137264,51.5881938],[-0.1135819,51.5882027],[-0.113584,51.5880658],[-0.1133894,51.5881002],[-0.1132621,51.5881278],[-0.113032,51.5881934],[-0.1129016,51.5882274],[-0.1128149,51.5880801],[-0.1125868,51.5877315],[-0.1123366,51.5872605],[-0.1121687,51.5868882],[-0.1120994,51.5867144],[-0.1120432,51.5865581],[-0.1120087,51.5863771],[-0.111854,51.5858957],[-0.111918,51.5857277],[-0.1120632,51.5856335],[-0.1120847,51.5856166],[-0.1122215,51.5857303],[-0.1122671,51.585743],[-0.11233,51.5857644],[-0.1123784,51.5857302],[-0.1123135,51.585677],[-0.1123224,51.5856727],[-0.1121395,51.5855222],[-0.1121925,51.5854952],[-0.1124352,51.5855251],[-0.1124721,51.5855055],[-0.1125158,51.5854284],[-0.1126225,51.5853757],[-0.1127602,51.5855052],[-0.1128594,51.5854868],[-0.1129083,51.5854784],[-0.1128815,51.585433],[-0.1128782,51.5853915],[-0.1128945,51.5853498],[-0.1129374,51.5852509],[-0.1129495,51.5852376],[-0.1131754,51.5852059],[-0.1132661,51.5854557],[-0.1133798,51.5854465],[-0.1136336,51.5854212],[-0.1137572,51.5854095],[-0.1136386,51.5851376],[-0.1139042,51.5850944],[-0.1140063,51.5853381],[-0.1141367,51.5853126],[-0.1141671,51.5853726],[-0.1143472,51.585341],[-0.1144212,51.5853284],[-0.114509,51.5853029],[-0.114563,51.5852865],[-0.1147665,51.5851879],[-0.1147032,51.5851245],[-0.1147734,51.5850808],[-0.1131676,51.5841193],[-0.1123335,51.5835928],[-0.1123654,51.58357],[-0.1115673,51.5827532],[-0.1112616,51.5823418],[-0.1113116,51.5820931],[-0.1113977,51.5820351],[-0.1116798,51.5818989],[-0.1117446,51.5819373],[-0.1118244,51.5820039],[-0.1118804,51.5820747],[-0.1121509,51.5819809],[-0.1125792,51.5818397],[-0.1125911,51.581802],[-0.1125817,51.5818006],[-0.1125032,51.5817094],[-0.1125524,51.5816941],[-0.1127382,51.581681],[-0.1128172,51.5816715],[-0.1128863,51.5816598],[-0.1130112,51.5816407],[-0.1129923,51.5816786],[-0.1130169,51.5817114],[-0.1131456,51.5818802],[-0.1131757,51.5819207],[-0.1132079,51.5819626],[-0.1132813,51.5820279],[-0.1133131,51.5820538],[-0.1133585,51.582037],[-0.1137434,51.5823719],[-0.1140137,51.5826487],[-0.1142262,51.5828777],[-0.114817,51.5827027],[-0.1150538,51.5829949],[-0.1153645,51.5829001],[-0.1161764,51.5826638],[-0.1162294,51.5827411],[-0.1163247,51.5827173],[-0.1165866,51.5830538],[-0.1165417,51.5830665],[-0.1166145,51.583162],[-0.1166826,51.5832772],[-0.1168288,51.5833536],[-0.116958,51.5832755],[-0.1171398,51.5833639],[-0.1171812,51.5833333],[-0.1172603,51.5832803],[-0.1173746,51.5831941],[-0.1174263,51.5831531],[-0.1175874,51.5830613],[-0.1178444,51.5829316],[-0.1182343,51.5832119],[-0.1183899,51.5832144],[-0.1183902,51.5832147],[-0.118987,51.5832986],[-0.1189876,51.5832982]]]]},"properties":{"borough":"haringey","felt_id":562}},{"type":"Feature","geometry":{"type":"MultiPolygon","coordinates":[[[[-0.1457346,51.5789989],[-0.1470911,51.5782725],[-0.147297,51.5782751],[-0.1473693,51.5785237],[-0.1473744,51.5786624],[-0.1473706,51.5787746],[-0.1472415,51.5792407],[-0.1471717,51.5793856],[-0.1469003,51.5798758],[-0.1467765,51.5798689],[-0.1465984,51.5797777],[-0.1459253,51.5799235],[-0.1451098,51.5801038],[-0.1449535,51.5798241],[-0.145962,51.5794982],[-0.1460007,51.5795498],[-0.1463038,51.5794594],[-0.1462643,51.579404],[-0.1464987,51.579331],[-0.146313,51.5791027],[-0.1459785,51.5792029],[-0.1457346,51.5789989]]]]},"properties":{"borough":"haringey","felt_id":563}},{"type":"Feature","geometry":{"type":"MultiPolygon","coordinates":[[[[-0.1289567,51.5828916],[-0.1290113,51.5829303],[-0.1290512,51.5829102],[-0.1290753,51.5829269],[-0.1296812,51.5832977],[-0.1297375,51.5832618],[-0.1298321,51.583297],[-0.1298637,51.5833353],[-0.129574,51.5835186],[-0.1301678,51.5838456],[-0.1305875,51.5840981],[-0.1307758,51.5842105],[-0.1313099,51.5844835],[-0.1310421,51.5846571],[-0.130908,51.5847435],[-0.1313906,51.5849783],[-0.1313028,51.5850412],[-0.1299536,51.5850125],[-0.1294219,51.5850955],[-0.1288518,51.5852256],[-0.1284764,51.5852902],[-0.1280192,51.5853584],[-0.1278773,51.5854128],[-0.127784,51.5852325],[-0.1274696,51.585036],[-0.1272864,51.5849323],[-0.1269605,51.5847762],[-0.1260068,51.5843823],[-0.1254929,51.5841424],[-0.1253224,51.5841144],[-0.1252646,51.584062],[-0.1252284,51.5840717],[-0.1251631,51.5840118],[-0.1249823,51.5842052],[-0.1248626,51.5843072],[-0.1247139,51.5844053],[-0.1245491,51.5844948],[-0.1243221,51.5845732],[-0.1241583,51.5846214],[-0.1238973,51.5846209],[-0.1238854,51.5846584],[-0.1233434,51.5846493],[-0.1233117,51.5846131],[-0.1230634,51.5846009],[-0.1229017,51.5848232],[-0.1222618,51.5847772],[-0.1223291,51.5845409],[-0.1215147,51.58446],[-0.121252,51.5844266],[-0.1211124,51.5844172],[-0.1207736,51.5843695],[-0.1202012,51.5842677],[-0.120108,51.5844096],[-0.1200539,51.5845169],[-0.1200463,51.5845588],[-0.1188633,51.5844557],[-0.1190605,51.5841361],[-0.1190858,51.5839791],[-0.1192947,51.5837959],[-0.11883,51.5835479],[-0.1190955,51.5833526],[-0.1189873,51.5832988],[-0.1190165,51.5832456],[-0.1187783,51.5830358],[-0.1183899,51.5832144],[-0.1182343,51.5832119],[-0.1178444,51.5829316],[-0.1182758,51.5827776],[-0.1185911,51.582668],[-0.1183886,51.5824415],[-0.1182841,51.5823323],[-0.1183399,51.5823099],[-0.1181144,51.5820261],[-0.1176472,51.581413],[-0.1174407,51.581139],[-0.1169007,51.5804271],[-0.1172811,51.5803631],[-0.1172193,51.5802442],[-0.1167672,51.5803234],[-0.1145258,51.5773041],[-0.1149681,51.5772634],[-0.1149113,51.5771438],[-0.1144115,51.577189],[-0.1142027,51.5768997],[-0.1140698,51.576902],[-0.1139992,51.5767413],[-0.1145692,51.576638],[-0.1142132,51.5761861],[-0.1144123,51.5761255],[-0.1150941,51.5760301],[-0.1153245,51.5759879],[-0.1156649,51.5758497],[-0.1160952,51.5756435],[-0.1165864,51.5754065],[-0.1169969,51.5752227],[-0.1173961,51.5750782],[-0.1172013,51.5748836],[-0.1174803,51.574768],[-0.117207,51.5745415],[-0.1175077,51.5743976],[-0.1177969,51.5741876],[-0.1178001,51.5741882],[-0.1179965,51.5742202],[-0.118154,51.5742487],[-0.1183071,51.5742721],[-0.1184332,51.5742918],[-0.118868,51.5743636],[-0.119064,51.5743694],[-0.119564,51.5743846],[-0.1195057,51.5744147],[-0.1195069,51.5744157],[-0.1194874,51.5744257],[-0.1191102,51.5746209],[-0.1190074,51.5746722],[-0.1189327,51.5747108],[-0.118934,51.574712],[-0.118899,51.5747301],[-0.1188902,51.5747336],[-0.1191403,51.5748976],[-0.1192536,51.5749719],[-0.1192284,51.5749836],[-0.1192917,51.5750838],[-0.1193939,51.5752578],[-0.1195394,51.5755083],[-0.1195683,51.5755079],[-0.1196506,51.5755056],[-0.1199283,51.575457],[-0.121758,51.575026],[-0.1217587,51.5750259],[-0.1217645,51.575039],[-0.1217758,51.5750648],[-0.1217758,51.5750648],[-0.1217758,51.5750648],[-0.121777,51.5750645],[-0.1221836,51.5749635],[-0.1223711,51.5749089],[-0.1224063,51.5749667],[-0.1224063,51.5749667],[-0.1224076,51.5749688],[-0.123273,51.5746844],[-0.1232736,51.5746842],[-0.1232744,51.5746841],[-0.1234354,51.5746804],[-0.1236091,51.5746697],[-0.1237025,51.5746657],[-0.1237753,51.5746625],[-0.1242678,51.5743483],[-0.124554,51.5743611],[-0.1246467,51.5745991],[-0.1248618,51.5746322],[-0.1248729,51.5746598],[-0.1267499,51.5749422],[-0.1260201,51.5759609],[-0.1256723,51.5764564],[-0.1254213,51.5767452],[-0.125217,51.5769774],[-0.1252428,51.5770005],[-0.1248523,51.5774035],[-0.1247641,51.5774907],[-0.124226,51.5779834],[-0.1240334,51.5781381],[-0.1239139,51.5783426],[-0.1238496,51.5785349],[-0.1238208,51.5786401],[-0.1237701,51.5786964],[-0.123734,51.578926],[-0.1237647,51.578985],[-0.123752,51.5791013],[-0.1236746,51.5793885],[-0.1235445,51.5796527],[-0.1237043,51.5796862],[-0.1238202,51.5799066],[-0.1239218,51.5801446],[-0.1239687,51.5803569],[-0.1240437,51.5805159],[-0.1242577,51.5805782],[-0.1246722,51.5807494],[-0.1248232,51.580813],[-0.1248424,51.5808007],[-0.1250565,51.580894],[-0.125304,51.5810273],[-0.125497,51.5811511],[-0.1259148,51.5814049],[-0.1262408,51.5816135],[-0.1265519,51.581859],[-0.1267282,51.5817783],[-0.127262,51.5821569],[-0.1278276,51.5825349],[-0.1278276,51.5825349],[-0.1281777,51.5823399],[-0.1289567,51.5828916]],[[-0.1278276,51.5825349],[-0.1278276,51.5825349],[-0.1278276,51.5825349],[-0.1278276,51.5825349]]]]},"properties":{"borough":"haringey","felt_id":564}},{"type":"Feature","geometry":{"type":"MultiPolygon","coordinates":[[[[-0.108355,51.5698458],[-0.1089425,51.5698519],[-0.1091147,51.5697156],[-0.1088194,51.569444],[-0.1084036,51.5694435],[-0.1081536,51.5692249],[-0.1095674,51.5683276],[-0.1097749,51.5684694],[-0.1100352,51.5683007],[-0.1105492,51.5685854],[-0.1107542,51.5686831],[-0.1116064,51.569097],[-0.1121806,51.5693542],[-0.1133224,51.5698585],[-0.1144463,51.5703503],[-0.114962,51.5705996],[-0.1151331,51.5706787],[-0.1151583,51.5707343],[-0.1151607,51.5708016],[-0.1151595,51.5708303],[-0.1151393,51.5713192],[-0.1151427,51.5714101],[-0.1151782,51.5714241],[-0.1151821,51.5714593],[-0.1152761,51.5714814],[-0.115379,51.571506],[-0.1153992,51.5715127],[-0.1154576,51.5715362],[-0.1154453,51.5715506],[-0.1155797,51.5716209],[-0.1153764,51.5718714],[-0.1146596,51.5723004],[-0.1149175,51.5725605],[-0.1145972,51.5726834],[-0.1142913,51.57244],[-0.112992,51.5729217],[-0.1128905,51.5730638],[-0.1129043,51.5730987],[-0.1128624,51.5731515],[-0.1127486,51.5731619],[-0.1126621,51.5731882],[-0.1125959,51.5733775],[-0.1130113,51.5734764],[-0.1129194,51.5736672],[-0.1125746,51.5735801],[-0.1124289,51.5735561],[-0.1121646,51.5735087],[-0.1123183,51.5732957],[-0.1123718,51.5731595],[-0.1124332,51.5730697],[-0.1119715,51.5729287],[-0.1110551,51.5725642],[-0.110149,51.5722285],[-0.1096582,51.5719549],[-0.1092141,51.5717014],[-0.1086761,51.5714175],[-0.1079551,51.5710224],[-0.1078103,51.5711161],[-0.1074711,51.5709577],[-0.1068737,51.5704343],[-0.1065235,51.5700791],[-0.1064064,51.569987],[-0.1062127,51.5698333],[-0.1061663,51.5697464],[-0.106391,51.5697638],[-0.1065586,51.5696955],[-0.1066063,51.5698478],[-0.1068566,51.5701809],[-0.1069078,51.5701809],[-0.106882,51.5700653],[-0.1073839,51.5700394],[-0.1073954,51.5698184],[-0.1075959,51.5698195],[-0.1075919,51.5701083],[-0.1080017,51.5701086],[-0.1080195,51.5701327],[-0.108355,51.5698458]]]]},"properties":{"borough":"haringey","felt_id":565}},{"type":"Feature","geometry":{"type":"MultiPolygon","coordinates":[[[[-0.1400633,51.5719407],[-0.1399169,51.5718184],[-0.1395502,51.5714871],[-0.1404477,51.5711596],[-0.1401317,51.5708336],[-0.1407276,51.5705872],[-0.1407838,51.570535],[-0.1399071,51.5698489],[-0.1402539,51.5696948],[-0.1406171,51.5695506],[-0.1408472,51.5694767],[-0.1410949,51.5694177],[-0.1413622,51.5693756],[-0.1415334,51.5693527],[-0.1420809,51.5692669],[-0.1424124,51.5692776],[-0.1424125,51.5692777],[-0.142418,51.5692804],[-0.1436203,51.5698094],[-0.1438553,51.5699128],[-0.143865,51.5699156],[-0.1441534,51.5700011],[-0.1444171,51.5700799],[-0.1446027,51.5701305],[-0.1446099,51.5701317],[-0.1451592,51.5702241],[-0.1461194,51.5704459],[-0.1470966,51.570616],[-0.1477219,51.5707347],[-0.1484625,51.5709032],[-0.1491627,51.5710856],[-0.1493745,51.5711525],[-0.1497091,51.5712866],[-0.149844,51.5713482],[-0.1500422,51.5714689],[-0.1500423,51.571469],[-0.1500593,51.5714794],[-0.1501137,51.5715125],[-0.1503495,51.5715734],[-0.1503508,51.5715738],[-0.1503952,51.571576],[-0.1507626,51.571595],[-0.1507973,51.5715969],[-0.1510726,51.5716188],[-0.1512565,51.5716233],[-0.151665,51.5716448],[-0.1526404,51.5717092],[-0.1546402,51.5718645],[-0.1546425,51.5718647],[-0.1546177,51.5719871],[-0.1545216,51.5720256],[-0.1544431,51.5723238],[-0.154151,51.5723224],[-0.1541157,51.5724711],[-0.1535092,51.5724727],[-0.1535406,51.5726846],[-0.1535394,51.5727251],[-0.1535258,51.5727743],[-0.1534882,51.5728308],[-0.1533426,51.5729324],[-0.1533176,51.5729455],[-0.153265,51.57296],[-0.1532367,51.5729649],[-0.1531598,51.572974],[-0.1531181,51.5729711],[-0.1530817,51.5729701],[-0.1529896,51.5729381],[-0.1529736,51.5729235],[-0.152199,51.5729684],[-0.1521268,51.5738418],[-0.1520412,51.573835],[-0.1523631,51.5746336],[-0.1514244,51.5748724],[-0.1506654,51.5751096],[-0.150041,51.5752931],[-0.1498733,51.5752634],[-0.1496626,51.5750519],[-0.1490815,51.5750567],[-0.1491203,51.5748911],[-0.1490344,51.5748833],[-0.1490928,51.5746511],[-0.148811,51.5745842],[-0.1485797,51.5745133],[-0.1483842,51.5744603],[-0.1479371,51.5743993],[-0.1477426,51.5744255],[-0.1476808,51.5743845],[-0.1474099,51.5740902],[-0.1474347,51.5740308],[-0.1474289,51.5739783],[-0.1474139,51.5739383],[-0.1467965,51.5739497],[-0.146739,51.573822],[-0.1467361,51.573803],[-0.1467381,51.573781],[-0.1467494,51.5737421],[-0.1467808,51.573681],[-0.1467946,51.5736605],[-0.1468354,51.5736162],[-0.1468515,51.5735926],[-0.1469006,51.5735206],[-0.1469076,51.5735081],[-0.1469094,51.5734996],[-0.1469055,51.5734874],[-0.1468627,51.573422],[-0.1464969,51.573654],[-0.1438145,51.5738791],[-0.1438984,51.5742244],[-0.1437021,51.5742429],[-0.1437306,51.5743711],[-0.1436757,51.5743754],[-0.1438762,51.5750514],[-0.1434621,51.5751199],[-0.1431495,51.5753025],[-0.1430704,51.575437],[-0.1426269,51.5750027],[-0.14126,51.5735834],[-0.14083,51.5731147],[-0.1401679,51.5724042],[-0.1400941,51.5723014],[-0.1400633,51.5719407]]]]},"properties":{"borough":"haringey","felt_id":566}},{"type":"Feature","geometry":{"type":"MultiPolygon","coordinates":[[[[-0.1060232,51.5697406],[-0.1061166,51.5697466],[-0.1061072,51.5698608],[-0.1062997,51.5700678],[-0.106483,51.570263],[-0.1069574,51.5707244],[-0.107462,51.5711875],[-0.1076666,51.571049],[-0.1078103,51.5711161],[-0.1075901,51.5713092],[-0.1076084,51.5713266],[-0.1078157,51.5715206],[-0.1082172,51.5717824],[-0.1085077,51.5719975],[-0.109067,51.5723262],[-0.1095645,51.5725262],[-0.1099669,51.5727395],[-0.1106043,51.5729957],[-0.1113762,51.573259],[-0.1115458,51.5730491],[-0.1119997,51.5732237],[-0.1121992,51.5732792],[-0.112295,51.573306],[-0.1121509,51.5735045],[-0.1120544,51.5734856],[-0.1118103,51.5734125],[-0.1115165,51.5733899],[-0.1113981,51.5734276],[-0.111074,51.5735138],[-0.1103835,51.5736909],[-0.109228,51.5740104],[-0.1082604,51.5742538],[-0.1075095,51.574456],[-0.1074613,51.5743763],[-0.1072931,51.5744287],[-0.107323,51.5744683],[-0.1072286,51.5744908],[-0.107238,51.5745054],[-0.1069325,51.5745715],[-0.1053209,51.5750321],[-0.1053352,51.5750837],[-0.1052143,51.5750823],[-0.1052468,51.5746576],[-0.1053184,51.5746204],[-0.1060232,51.5697406]]]]},"properties":{"borough":"haringey","felt_id":567}},{"type":"Feature","geometry":{"type":"MultiPolygon","coordinates":[[[[-0.1250034,51.5774795],[-0.1253182,51.5775788],[-0.1254095,51.5775156],[-0.1251314,51.5774098],[-0.1255327,51.5769638],[-0.1264067,51.5758312],[-0.1269994,51.5747828],[-0.127075,51.5748051],[-0.127341,51.5749171],[-0.1286831,51.5750043],[-0.1295068,51.5749953],[-0.1295657,51.57499],[-0.1301758,51.5749356],[-0.1306171,51.5748632],[-0.1311485,51.5747761],[-0.1315349,51.5747364],[-0.1329174,51.5745799],[-0.1335408,51.5745323],[-0.1338881,51.574542],[-0.1341001,51.5745756],[-0.134279,51.5746046],[-0.134335,51.5746184],[-0.1345692,51.5746764],[-0.1349428,51.574688],[-0.1359957,51.5760406],[-0.1351972,51.5763189],[-0.1361967,51.577527],[-0.1362304,51.5775707],[-0.136296,51.5776527],[-0.1364262,51.5778241],[-0.1367495,51.5777383],[-0.1370948,51.578297],[-0.137774,51.5781393],[-0.1378343,51.5782491],[-0.1382811,51.5791053],[-0.1372815,51.5793715],[-0.1371326,51.579176],[-0.1363268,51.5794568],[-0.1339963,51.5802444],[-0.133526,51.5803953],[-0.1335235,51.5803941],[-0.1335636,51.5804441],[-0.1335902,51.580485],[-0.133658,51.5805669],[-0.133723,51.5806457],[-0.1337812,51.5807269],[-0.1331176,51.5809427],[-0.1331846,51.5810123],[-0.1331022,51.5810587],[-0.1329553,51.5810959],[-0.1328902,51.5810222],[-0.1307557,51.5817713],[-0.1291941,51.5822766],[-0.1292724,51.5824095],[-0.1290774,51.5824801],[-0.1293455,51.5827546],[-0.1290113,51.5829303],[-0.1281777,51.5823399],[-0.1278276,51.5825349],[-0.127262,51.5821569],[-0.1270013,51.5819735],[-0.126548,51.5816494],[-0.1258822,51.5812679],[-0.1258376,51.581241],[-0.1257,51.5811666],[-0.1257006,51.5811669],[-0.1251898,51.5808757],[-0.1245498,51.5806069],[-0.1243426,51.5805152],[-0.1242431,51.5804596],[-0.1241211,51.5803301],[-0.1240065,51.5800433],[-0.1239122,51.5797665],[-0.1238624,51.5794515],[-0.1239004,51.5793711],[-0.1239205,51.5791457],[-0.1239599,51.5787186],[-0.1240611,51.5784111],[-0.1243315,51.5781024],[-0.1250034,51.5774795]]]]},"properties":{"borough":"haringey","felt_id":568}},{"type":"Feature","geometry":{"type":"MultiPolygon","coordinates":[[[[-0.0580664,51.5937682],[-0.0581195,51.593728],[-0.0581716,51.5936874],[-0.0582226,51.5936461],[-0.0582725,51.5936044],[-0.0583212,51.5935621],[-0.0583687,51.5935193],[-0.0584151,51.593476],[-0.0584603,51.5934323],[-0.0585043,51.5933881],[-0.0585471,51.5933434],[-0.0585887,51.5932982],[-0.058629,51.5932527],[-0.0586681,51.5932067],[-0.058706,51.5931603],[-0.0587426,51.5931135],[-0.0587779,51.5930664],[-0.0589593,51.5926761],[-0.0591834,51.5921951],[-0.0594201,51.5917666],[-0.0596505,51.5911923],[-0.0599505,51.5905471],[-0.0602239,51.5899294],[-0.0604331,51.5895068],[-0.0604499,51.5894863],[-0.0604673,51.5894659],[-0.0604852,51.5894458],[-0.0605036,51.5894258],[-0.0605225,51.5894061],[-0.060542,51.5893865],[-0.060562,51.5893671],[-0.0605825,51.589348],[-0.0606035,51.589329],[-0.060625,51.5893103],[-0.060647,51.5892918],[-0.0606695,51.5892735],[-0.0606925,51.5892555],[-0.0607159,51.5892377],[-0.0607398,51.5892201],[-0.0607642,51.5892028],[-0.0607891,51.5891858],[-0.0608144,51.589169],[-0.0608349,51.5891602],[-0.0608557,51.5891517],[-0.0608767,51.5891434],[-0.0608979,51.5891353],[-0.0609194,51.5891274],[-0.0609411,51.5891198],[-0.060963,51.5891124],[-0.0609851,51.5891053],[-0.0610074,51.5890984],[-0.0610299,51.5890917],[-0.0610526,51.5890853],[-0.0610754,51.5890792],[-0.0610984,51.5890733],[-0.0611216,51.5890676],[-0.0611449,51.5890622],[-0.0611684,51.589057],[-0.061192,51.5890521],[-0.0612158,51.5890475],[-0.0612397,51.5890431],[-0.0612637,51.589039],[-0.0612878,51.5890351],[-0.061312,51.5890315],[-0.0613363,51.5890282],[-0.0613607,51.5890251],[-0.0613852,51.5890223],[-0.0614098,51.5890198],[-0.0614344,51.5890175],[-0.0614591,51.5890155],[-0.0614838,51.5890138],[-0.0615086,51.5890123],[-0.0615334,51.5890111],[-0.0615583,51.5890102],[-0.0615832,51.5890096],[-0.0616081,51.5890092],[-0.061633,51.5890091],[-0.0616578,51.5890092],[-0.0616827,51.5890097],[-0.0617076,51.5890104],[-0.0617325,51.5890113],[-0.0617573,51.5890126],[-0.061782,51.5890141],[-0.0618068,51.5890158],[-0.0618315,51.5890179],[-0.0618561,51.5890202],[-0.0618806,51.5890228],[-0.0619051,51.5890256],[-0.0619295,51.5890287],[-0.0619538,51.5890321],[-0.061978,51.5890358],[-0.0620021,51.5890397],[-0.0620261,51.5890438],[-0.0620499,51.5890483],[-0.0620737,51.5890529],[-0.0620973,51.5890579],[-0.0621207,51.5890631],[-0.062144,51.5890685],[-0.0621672,51.5890742],[-0.0621902,51.5890802],[-0.0634609,51.5894456],[-0.0640192,51.5896423],[-0.0640639,51.5897114],[-0.0640537,51.5898455],[-0.0641875,51.5898427],[-0.0641873,51.5898383],[-0.0641872,51.5898339],[-0.0641872,51.5898295],[-0.0641873,51.5898251],[-0.0641876,51.5898207],[-0.064188,51.5898163],[-0.0641885,51.589812],[-0.0641892,51.5898076],[-0.0641899,51.5898032],[-0.0641908,51.5897989],[-0.0641918,51.5897945],[-0.0641929,51.5897902],[-0.0641942,51.5897859],[-0.0641955,51.5897816],[-0.064197,51.5897773],[-0.0641986,51.589773],[-0.0642003,51.5897688],[-0.0642022,51.5897645],[-0.0642041,51.5897603],[-0.0642062,51.5897561],[-0.0642084,51.5897519],[-0.0642107,51.5897478],[-0.0642131,51.5897437],[-0.0642157,51.5897396],[-0.0642183,51.5897355],[-0.0642211,51.5897315],[-0.064224,51.5897275],[-0.064227,51.5897235],[-0.0642301,51.5897195],[-0.0642333,51.5897156],[-0.0642366,51.5897118],[-0.06424,51.5897079],[-0.0642435,51.5897041],[-0.0642472,51.5897004],[-0.0642509,51.5896966],[-0.0642547,51.589693],[-0.0642587,51.5896893],[-0.0642627,51.5896857],[-0.0642669,51.5896822],[-0.0642711,51.5896787],[-0.0642755,51.5896752],[-0.0642799,51.5896718],[-0.0642844,51.5896685],[-0.0642891,51.5896651],[-0.0642938,51.5896619],[-0.0642986,51.5896587],[-0.0643035,51.5896555],[-0.0643085,51.5896524],[-0.0643135,51.5896494],[-0.0643187,51.5896464],[-0.0643239,51.5896434],[-0.0643292,51.5896405],[-0.0643346,51.5896377],[-0.0643401,51.589635],[-0.0643456,51.5896323],[-0.0643513,51.5896296],[-0.064357,51.589627],[-0.0643627,51.5896245],[-0.0643686,51.589622],[-0.0643745,51.5896196],[-0.0643804,51.5896173],[-0.0643865,51.5896151],[-0.0643926,51.5896129],[-0.0643987,51.5896107],[-0.064405,51.5896087],[-0.0644112,51.5896067],[-0.0644176,51.5896047],[-0.0644239,51.5896029],[-0.0644304,51.5896011],[-0.0644368,51.5895993],[-0.0644434,51.5895977],[-0.06445,51.5895961],[-0.0644566,51.5895946],[-0.0644632,51.5895932],[-0.0644699,51.5895918],[-0.0650833,51.589502],[-0.065275,51.5894505],[-0.0667164,51.5890459],[-0.0673769,51.5888602],[-0.0674234,51.5888488],[-0.0674702,51.588838],[-0.0675173,51.5888276],[-0.0675647,51.5888178],[-0.0676123,51.5888084],[-0.0676602,51.5887996],[-0.0677084,51.5887914],[-0.0677567,51.5887836],[-0.0678053,51.5887763],[-0.0678541,51.5887696],[-0.067903,51.5887634],[-0.0679521,51.5887578],[-0.0680014,51.5887526],[-0.0680508,51.588748],[-0.0681003,51.588744],[-0.0681499,51.5887405],[-0.0681996,51.5887375],[-0.0682494,51.588735],[-0.0682993,51.5887331],[-0.0683492,51.5887317],[-0.0683991,51.5887309],[-0.0684491,51.5887306],[-0.068499,51.5887308],[-0.0685489,51.5887316],[-0.0685988,51.5887329],[-0.0686487,51.5887348],[-0.0686985,51.5887372],[-0.0687482,51.5887401],[-0.0687979,51.5887436],[-0.0688474,51.5887476],[-0.0688968,51.5887521],[-0.0689461,51.5887572],[-0.0689952,51.5887628],[-0.0690442,51.588769],[-0.0690569,51.5887734],[-0.0690697,51.5887776],[-0.0690826,51.5887817],[-0.0690957,51.5887857],[-0.0691088,51.5887895],[-0.0691221,51.5887932],[-0.0691354,51.5887967],[-0.0691489,51.5888001],[-0.0691624,51.5888034],[-0.0691761,51.5888065],[-0.0691898,51.5888094],[-0.0692036,51.5888123],[-0.0692174,51.5888149],[-0.0692314,51.5888174],[-0.0692454,51.5888198],[-0.0692595,51.588822],[-0.0692736,51.588824],[-0.0692878,51.5888259],[-0.0693021,51.5888277],[-0.0693164,51.5888293],[-0.0693307,51.5888307],[-0.0693451,51.588832],[-0.0693595,51.5888331],[-0.0693739,51.5888341],[-0.0693883,51.5888349],[-0.0694028,51.5888355],[-0.0694173,51.588836],[-0.0694318,51.5888364],[-0.0694463,51.5888366],[-0.0694609,51.5888366],[-0.0694754,51.5888365],[-0.0694899,51.5888362],[-0.0695044,51.5888358],[-0.0695327,51.5888427],[-0.0695609,51.5888499],[-0.0695889,51.5888574],[-0.0696166,51.5888652],[-0.0696442,51.5888734],[-0.0696715,51.5888818],[-0.0696985,51.5888905],[-0.0697253,51.5888995],[-0.0697519,51.5889087],[-0.0697782,51.5889183],[-0.0698043,51.5889281],[-0.06983,51.5889383],[-0.0698555,51.5889487],[-0.0698807,51.5889593],[-0.0699056,51.5889703],[-0.0699301,51.5889815],[-0.0699544,51.588993],[-0.0699784,51.5890047],[-0.070002,51.5890167],[-0.0700252,51.5890289],[-0.0700482,51.5890414],[-0.0700708,51.5890541],[-0.070093,51.5890671],[-0.0701149,51.5890803],[-0.0702206,51.5892198],[-0.0702436,51.5893824],[-0.0701453,51.5897766],[-0.0700233,51.5903303],[-0.0698883,51.5911815],[-0.0698824,51.5911841],[-0.0694427,51.5940723],[-0.0694058,51.5942368],[-0.0693777,51.5943261],[-0.0693451,51.5944136],[-0.0693216,51.5944786],[-0.0692775,51.5945987],[-0.0692362,51.5946796],[-0.0692055,51.5947428],[-0.0691473,51.5948691],[-0.0685673,51.5948636],[-0.0683596,51.5948607],[-0.0681609,51.5948536],[-0.0681541,51.595036],[-0.0680071,51.5950374],[-0.0679984,51.5950756],[-0.0676287,51.5950638],[-0.0676201,51.5951059],[-0.0672933,51.5950995],[-0.0672962,51.594838],[-0.0663599,51.5948257],[-0.0659348,51.5948088],[-0.0658236,51.5948132],[-0.0658025,51.5949559],[-0.0629176,51.5949175],[-0.062948,51.5947394],[-0.0627475,51.5947286],[-0.0627369,51.5948044],[-0.0626291,51.5947968],[-0.0626144,51.5948963],[-0.0610883,51.5947934],[-0.0611408,51.5945986],[-0.0611751,51.5945048],[-0.060926,51.594391],[-0.060257,51.594355],[-0.0578199,51.5942238],[-0.0579049,51.5940265],[-0.0580121,51.5938077],[-0.0580664,51.5937682]]]]},"properties":{"borough":"haringey","felt_id":569}},{"type":"Feature","geometry":{"type":"MultiPolygon","coordinates":[[[[-0.0731065,51.5789385],[-0.0732391,51.5783076],[-0.0732467,51.5782693],[-0.0732528,51.5782429],[-0.073258,51.5782376],[-0.0732647,51.5782332],[-0.0732735,51.5782298],[-0.0732837,51.5782286],[-0.0732945,51.5782286],[-0.0733954,51.5782322],[-0.0734008,51.5781896],[-0.0733014,51.578186],[-0.0732787,51.5781847],[-0.0732654,51.5781833],[-0.0732583,51.5781792],[-0.0732542,51.5781737],[-0.0732535,51.5781395],[-0.0732585,51.5778343],[-0.073251,51.5777034],[-0.0732313,51.5775648],[-0.0732118,51.5774878],[-0.0731841,51.5774049],[-0.0730626,51.5770497],[-0.0729117,51.5766418],[-0.0727803,51.5762771],[-0.072703,51.5760861],[-0.0725641,51.5757415],[-0.0725027,51.5756138],[-0.0725031,51.5756137],[-0.0725181,51.575613],[-0.0727684,51.5756541],[-0.0727856,51.5756533],[-0.0727986,51.5756555],[-0.0728363,51.5756559],[-0.0728696,51.5756553],[-0.0729107,51.5756526],[-0.0729504,51.5756486],[-0.0729952,51.5756437],[-0.0730054,51.5756425],[-0.0730431,51.5756407],[-0.0734836,51.5756069],[-0.0735288,51.5756043],[-0.0735325,51.5756233],[-0.0735447,51.5756227],[-0.0735445,51.5756273],[-0.073624,51.5756241],[-0.0736257,51.5756333],[-0.0736309,51.5757067],[-0.0736399,51.5757063],[-0.0736406,51.5757098],[-0.073762,51.5757055],[-0.0737621,51.5756705],[-0.0738058,51.5756658],[-0.0739996,51.5756492],[-0.0742357,51.5756288],[-0.0743747,51.5756185],[-0.0743819,51.5756439],[-0.0743899,51.5756807],[-0.0743922,51.5756805],[-0.0743935,51.5756853],[-0.0744485,51.5756817],[-0.0744474,51.5756758],[-0.0744508,51.5756756],[-0.0744379,51.5756254],[-0.0744355,51.5756132],[-0.0744343,51.5756077],[-0.0751755,51.5755543],[-0.0751801,51.5755197],[-0.075192,51.5754968],[-0.0752071,51.5754556],[-0.0752115,51.5754357],[-0.0752175,51.5753962],[-0.07522,51.5753859],[-0.0752132,51.5753611],[-0.075208,51.5753307],[-0.0753237,51.5753247],[-0.0753749,51.5753444],[-0.0754302,51.575366],[-0.075753,51.575481],[-0.0757843,51.5754923],[-0.0758173,51.5754504],[-0.0759504,51.5754585],[-0.076228,51.5751783],[-0.076383,51.5749552],[-0.0770561,51.5750716],[-0.0770934,51.5750785],[-0.077052,51.5751354],[-0.0775214,51.5752294],[-0.0775457,51.5752343],[-0.0775683,51.575178],[-0.0776167,51.5751865],[-0.0777201,51.5752085],[-0.0780248,51.5752848],[-0.078024,51.575288],[-0.0780684,51.5752959],[-0.0784683,51.5753618],[-0.0789588,51.5754346],[-0.0793482,51.5754761],[-0.0795697,51.5754866],[-0.0796049,51.5754895],[-0.0797662,51.5755024],[-0.0798396,51.5755082],[-0.0798365,51.5755326],[-0.0798552,51.5755336],[-0.0798548,51.5755359],[-0.0799278,51.5755395],[-0.0800845,51.5755475],[-0.0801552,51.5755509],[-0.0802412,51.5755552],[-0.0802919,51.5755578],[-0.0804755,51.5755669],[-0.0806533,51.5755763],[-0.0807352,51.5755804],[-0.0808617,51.5755871],[-0.0808647,51.5755978],[-0.0808641,51.5756372],[-0.0808753,51.5756351],[-0.0808768,51.5756404],[-0.0816331,51.5754944],[-0.0816549,51.5754908],[-0.0817241,51.5754789],[-0.0817648,51.5754714],[-0.0818041,51.5754649],[-0.0818404,51.5754583],[-0.0818867,51.57545],[-0.0819277,51.5754422],[-0.0819655,51.575436],[-0.0820097,51.5754278],[-0.0820534,51.5754204],[-0.0820907,51.5754136],[-0.0821287,51.5753965],[-0.0821755,51.5753807],[-0.0821948,51.5753738],[-0.0822127,51.5753699],[-0.0822448,51.5753632],[-0.0828,51.5753113],[-0.0836118,51.5751897],[-0.0838213,51.5751841],[-0.084905,51.5751199],[-0.0853311,51.5750751],[-0.0853871,51.5750985],[-0.0854891,51.5751457],[-0.0850916,51.5755512],[-0.0843482,51.576273],[-0.0841584,51.576458],[-0.083797,51.5768052],[-0.0836845,51.5769098],[-0.0834096,51.5771729],[-0.0832045,51.5773725],[-0.0831412,51.5774305],[-0.0827945,51.5777468],[-0.0826842,51.5778217],[-0.0826228,51.5778803],[-0.0823333,51.5781658],[-0.0822116,51.5782644],[-0.0820923,51.5783766],[-0.0816643,51.5787158],[-0.0811694,51.57911],[-0.0808911,51.5792925],[-0.080573,51.5794682],[-0.0804015,51.5795458],[-0.0800321,51.5797092],[-0.0786734,51.5802868],[-0.077822,51.5806464],[-0.0774315,51.5808132],[-0.0768174,51.5810751],[-0.0764328,51.5812388],[-0.0760582,51.5813981],[-0.0752318,51.5817494],[-0.0747205,51.5819681],[-0.0741051,51.5822343],[-0.07364,51.5824209],[-0.0731044,51.5826216],[-0.073021,51.5826726],[-0.0729376,51.5827237],[-0.0728811,51.5827475],[-0.0728283,51.5827673],[-0.0727823,51.5827782],[-0.0727784,51.582779],[-0.0727744,51.5827797],[-0.0727705,51.5827804],[-0.0727665,51.5827811],[-0.0727625,51.5827817],[-0.0727584,51.5827823],[-0.0727544,51.5827828],[-0.0727503,51.5827833],[-0.0727463,51.5827837],[-0.0727422,51.5827841],[-0.0727381,51.5827844],[-0.072734,51.5827848],[-0.0727299,51.582785],[-0.0727258,51.5827852],[-0.0727216,51.5827854],[-0.0727175,51.5827855],[-0.0727134,51.5827856],[-0.0727092,51.5827856],[-0.0727051,51.5827856],[-0.072701,51.5827856],[-0.0726969,51.5827855],[-0.0726927,51.5827853],[-0.0726886,51.5827851],[-0.0726845,51.5827849],[-0.0726804,51.5827846],[-0.0726763,51.5827843],[-0.0726722,51.5827839],[-0.0726681,51.5827835],[-0.0726641,51.5827831],[-0.07266,51.5827826],[-0.072656,51.582782],[-0.0726519,51.5827814],[-0.0726479,51.5827808],[-0.072644,51.5827801],[-0.07264,51.5827794],[-0.072636,51.5827787],[-0.0726321,51.5827779],[-0.0726282,51.582777],[-0.0726243,51.5827761],[-0.0726205,51.5827752],[-0.0726167,51.5827742],[-0.0726129,51.5827732],[-0.0726091,51.5827722],[-0.0726053,51.5827711],[-0.0726016,51.5827699],[-0.072598,51.5827688],[-0.0725943,51.5827676],[-0.0725907,51.5827663],[-0.0725871,51.582765],[-0.0725836,51.5827637],[-0.0725801,51.5827623],[-0.0725766,51.5827609],[-0.0725732,51.5827595],[-0.0725698,51.582758],[-0.0725665,51.5827565],[-0.0725632,51.5827549],[-0.0725599,51.5827533],[-0.0725567,51.5827517],[-0.0725536,51.5827501],[-0.0725505,51.5827484],[-0.0725474,51.5827467],[-0.0725444,51.5827449],[-0.0725414,51.5827431],[-0.0725385,51.5827413],[-0.0725356,51.5827394],[-0.0725328,51.5827376],[-0.07253,51.5827356],[-0.0725273,51.5827337],[-0.0725247,51.5827317],[-0.0725221,51.5827297],[-0.0725195,51.5827277],[-0.0725171,51.5827256],[-0.0725146,51.5827236],[-0.0725123,51.5827214],[-0.0725099,51.5827193],[-0.0725077,51.5827172],[-0.0725055,51.582715],[-0.0725034,51.5827128],[-0.0725013,51.5827105],[-0.0724993,51.5827083],[-0.0724974,51.582706],[-0.0724955,51.5827037],[-0.0724937,51.5827014],[-0.0724919,51.5826991],[-0.0724902,51.5826967],[-0.0724886,51.5826944],[-0.0724871,51.582692],[-0.0724856,51.5826896],[-0.0724842,51.5826872],[-0.0724828,51.5826847],[-0.0724815,51.5826823],[-0.0724803,51.5826798],[-0.0724792,51.5826773],[-0.0724781,51.5826749],[-0.0724771,51.5826724],[-0.0724762,51.5826699],[-0.0724753,51.5826673],[-0.0724745,51.5826648],[-0.0724738,51.5826623],[-0.0724731,51.5826597],[-0.0724726,51.5826572],[-0.072472,51.5826546],[-0.0724716,51.5826521],[-0.0724712,51.5826495],[-0.0724709,51.582647],[-0.0724707,51.5826444],[-0.0724706,51.5826418],[-0.0725606,51.5819801],[-0.0726171,51.5816054],[-0.0727302,51.5808338],[-0.0727969,51.5803883],[-0.0728621,51.5800665],[-0.0729869,51.5795131],[-0.0731065,51.5789385]]]]},"properties":{"borough":"haringey","felt_id":570}},{"type":"Feature","geometry":{"type":"MultiPolygon","coordinates":[[[[-0.1064603,51.5673365],[-0.1065079,51.5672234],[-0.1074948,51.5665412],[-0.1079219,51.5669051],[-0.1081826,51.567108],[-0.1084974,51.567337],[-0.1089511,51.5676433],[-0.109163,51.567769],[-0.109508,51.5679751],[-0.1100451,51.5682937],[-0.1097879,51.568461],[-0.1095686,51.5683282],[-0.1081495,51.569226],[-0.1084036,51.5694435],[-0.1088194,51.569444],[-0.1091147,51.5697156],[-0.1089425,51.5698519],[-0.108355,51.5698458],[-0.1080195,51.5701327],[-0.1080017,51.5701086],[-0.1075919,51.5701083],[-0.1075959,51.5698195],[-0.1073955,51.5698177],[-0.1073839,51.5700394],[-0.106882,51.5700653],[-0.1069078,51.5701803],[-0.1068631,51.5701796],[-0.1066704,51.5699341],[-0.1066036,51.569839],[-0.1065509,51.5696898],[-0.106425,51.569445],[-0.1063786,51.569305],[-0.1063372,51.5689981],[-0.10639,51.5683746],[-0.1064603,51.5673365]]]]},"properties":{"borough":"haringey","felt_id":571}}]}
